"X","Station","Species","DateTimeOriginal","Date","Time","delta.time.secs","delta.time.mins","delta.time.hours","delta.time.days","Directory","FileName","n_images","Date_parsed"
1,97,"Muntiacus_reevesi","25/10/2025 16:46","25/10/2025","16:46:29",0,0,0,0,"DL-25/Station 97/Muntiacus_reevesi","DL-25__2025-10-25__16-46-29(1).JPG",2,2025-10-25
2,97,"Muntiacus_reevesi","28/10/2025 07:05","28/10/2025","07:05:58",224369,3739.5,62.3,2.6,"DL-25/Station 97/Muntiacus_reevesi","DL-25__2025-10-28__07-05-58(1).JPG",2,2025-10-28
3,97,"Muntiacus_reevesi","01/11/2025 07:38","01/11/2025","07:38:21",347543,5792.4,96.5,4,"DL-25/Station 97/Muntiacus_reevesi","DL-25__2025-11-01__07-38-21(1).JPG",2,2025-11-01
4,97,"Muntiacus_reevesi","03/11/2025 22:20","03/11/2025","22:20:47",225746,3762.4,62.7,2.6,"DL-25/Station 97/Muntiacus_reevesi","DL-25__2025-11-03__22-20-47(1).JPG",2,2025-11-03
5,97,"Muntiacus_reevesi","06/11/2025 03:12","06/11/2025","03:12:57",190330,3172.2,52.9,2.2,"DL-25/Station 97/Muntiacus_reevesi","DL-25__2025-11-06__03-12-57(2).JPG",1,2025-11-06
6,97,"Muntiacus_reevesi","06/11/2025 16:01","06/11/2025","16:01:31",46114,768.6,12.8,0.5,"DL-25/Station 97/Muntiacus_reevesi","DL-25__2025-11-06__16-01-31(1).JPG",2,2025-11-06
7,97,"Muntiacus_reevesi","08/11/2025 05:31","08/11/2025","05:31:34",135003,2250.1,37.5,1.6,"DL-25/Station 97/Muntiacus_reevesi","DL-25__2025-11-08__05-31-34(1).JPG",2,2025-11-08
1,85,"Buteo_buteo","03/11/2025 11:28","03/11/2025","11:28:56",0,0,0,0,"../results/images/camera_03_85_2025/Buteo_buteo","camera_03_85_2025__2025-11-03__11-28-56(1).JPG",2,2025-11-03
2,85,"Homo_sapiens","09/10/2025 10:36","09/10/2025","10:36:00",0,0,0,0,"../results/images/camera_03_85_2025/Homo_sapiens","camera_03_85_2025__2025-10-09__10-36-00(2).JPG",2,2025-10-09
3,85,"Homo_sapiens","11/10/2025 15:02","11/10/2025","15:02:45",188805,3146.8,52.4,2.2,"../results/images/camera_03_85_2025/Homo_sapiens","camera_03_85_2025__2025-10-11__15-02-45(1).JPG",2,2025-10-11
4,85,"Muntiacus_reevesi","11/10/2025 07:03","11/10/2025","07:03:33",0,0,0,0,"../results/images/camera_03_85_2025/Muntiacus_reevesi","camera_03_85_2025__2025-10-11__07-03-33(1).JPG",3,2025-10-11
5,85,"Muntiacus_reevesi","16/10/2025 08:17","16/10/2025","08:17:00",436407,7273.4,121.2,5,"../results/images/camera_03_85_2025/Muntiacus_reevesi","camera_03_85_2025__2025-10-16__08-17-00(2).JPG",2,2025-10-16
6,85,"Muntiacus_reevesi","16/10/2025 22:24","16/10/2025","22:24:35",50855,847.6,14.1,0.6,"../results/images/camera_03_85_2025/Muntiacus_reevesi","camera_03_85_2025__2025-10-16__22-24-35(2).JPG",1,2025-10-16
7,85,"Muntiacus_reevesi","25/10/2025 07:13","25/10/2025","07:13:39",722944,12049.1,200.8,8.4,"../results/images/camera_03_85_2025/Muntiacus_reevesi","camera_03_85_2025__2025-10-25__07-13-39(2).JPG",4,2025-10-25
8,85,"Muntiacus_reevesi","28/10/2025 07:11","28/10/2025","07:11:25",259066,4317.8,72,3,"../results/images/camera_03_85_2025/Muntiacus_reevesi","camera_03_85_2025__2025-10-28__07-11-25(2).JPG",2,2025-10-28
9,85,"Muntiacus_reevesi","28/10/2025 18:04","28/10/2025","18:04:28",39183,653,10.9,0.5,"../results/images/camera_03_85_2025/Muntiacus_reevesi","camera_03_85_2025__2025-10-28__18-04-28(1).JPG",1,2025-10-28
10,85,"Muntiacus_reevesi","06/11/2025 07:05","06/11/2025","07:05:22",738054,12300.9,205,8.5,"../results/images/camera_03_85_2025/Muntiacus_reevesi","camera_03_85_2025__2025-11-06__07-05-22(1).JPG",2,2025-11-06
11,85,"Muntiacus_reevesi","06/11/2025 22:50","06/11/2025","22:50:10",56688,944.8,15.7,0.7,"../results/images/camera_03_85_2025/Muntiacus_reevesi","camera_03_85_2025__2025-11-06__22-50-10(2).JPG",2,2025-11-06
12,85,"Muntiacus_reevesi","11/11/2025 16:53","11/11/2025","16:53:57",410627,6843.8,114.1,4.8,"../results/images/camera_03_85_2025/Muntiacus_reevesi","camera_03_85_2025__2025-11-11__16-53-57(1).JPG",2,2025-11-11
13,85,"Muntiacus_reevesi","12/11/2025 17:04","12/11/2025","17:04:42",87045,1450.8,24.2,1,"../results/images/camera_03_85_2025/Muntiacus_reevesi","camera_03_85_2025__2025-11-12__17-04-42(1).JPG",2,2025-11-12
14,85,"Muntiacus_reevesi","14/11/2025 15:52","14/11/2025","15:52:37",168475,2807.9,46.8,2,"../results/images/camera_03_85_2025/Muntiacus_reevesi","camera_03_85_2025__2025-11-14__15-52-37(1).JPG",1,2025-11-14
15,85,"Muntiacus_reevesi","15/11/2025 07:55","15/11/2025","07:55:58",57801,963.4,16.1,0.7,"../results/images/camera_03_85_2025/Muntiacus_reevesi","camera_03_85_2025__2025-11-15__07-55-58(1).JPG",1,2025-11-15
16,85,"Muntiacus_reevesi","19/11/2025 13:11","19/11/2025","13:11:42",364544,6075.7,101.3,4.2,"../results/images/camera_03_85_2025/Muntiacus_reevesi","camera_03_85_2025__2025-11-19__13-11-42(1).JPG",2,2025-11-19
17,85,"Muntiacus_reevesi","24/11/2025 11:09","24/11/2025","11:09:21",424659,7077.6,118,4.9,"../results/images/camera_03_85_2025/Muntiacus_reevesi","camera_03_85_2025__2025-11-24__11-09-21(2).JPG",2,2025-11-24
18,85,"Phasianus_colchicus","10/10/2025 08:03","10/10/2025","08:03:33",0,0,0,0,"../results/images/camera_03_85_2025/Phasianus_colchicus","camera_03_85_2025__2025-10-10__08-03-33(1).JPG",2,2025-10-10
19,85,"Sciurus_carolinensis","18/10/2025 14:15","18/10/2025","14:15:18",0,0,0,0,"../results/images/camera_03_85_2025/Sciurus_carolinensis","camera_03_85_2025__2025-10-18__14-15-18(1).JPG",1,2025-10-18
20,85,"Sciurus_carolinensis","19/10/2025 09:34","19/10/2025","09:34:40",69562,1159.4,19.3,0.8,"../results/images/camera_03_85_2025/Sciurus_carolinensis","camera_03_85_2025__2025-10-19__09-34-40(2).JPG",2,2025-10-19
21,85,"Sciurus_carolinensis","21/10/2025 10:21","21/10/2025","10:21:48",175628,2927.1,48.8,2,"../results/images/camera_03_85_2025/Sciurus_carolinensis","camera_03_85_2025__2025-10-21__10-21-48(3).JPG",1,2025-10-21
22,85,"Sciurus_carolinensis","21/10/2025 11:15","21/10/2025","11:15:19",3211,53.5,0.9,0,"../results/images/camera_03_85_2025/Sciurus_carolinensis","camera_03_85_2025__2025-10-21__11-15-19(1).JPG",2,2025-10-21
23,85,"Sciurus_carolinensis","23/10/2025 13:53","23/10/2025","13:53:15",182276,3037.9,50.6,2.1,"../results/images/camera_03_85_2025/Sciurus_carolinensis","camera_03_85_2025__2025-10-23__13-53-15(3).JPG",1,2025-10-23
24,85,"Sciurus_carolinensis","24/10/2025 09:44","24/10/2025","09:44:46",71491,1191.5,19.9,0.8,"../results/images/camera_03_85_2025/Sciurus_carolinensis","camera_03_85_2025__2025-10-24__09-44-46(1).JPG",1,2025-10-24
25,85,"Sciurus_carolinensis","26/10/2025 08:08","26/10/2025","08:08:50",167044,2784.1,46.4,1.9,"../results/images/camera_03_85_2025/Sciurus_carolinensis","camera_03_85_2025__2025-10-26__08-08-50(1).JPG",2,2025-10-26
26,85,"Sciurus_carolinensis","28/10/2025 09:14","28/10/2025","09:14:33",176743,2945.7,49.1,2,"../results/images/camera_03_85_2025/Sciurus_carolinensis","camera_03_85_2025__2025-10-28__09-14-33(2).JPG",2,2025-10-28
27,85,"Sciurus_carolinensis","29/10/2025 08:45","29/10/2025","08:45:28",84655,1410.9,23.5,1,"../results/images/camera_03_85_2025/Sciurus_carolinensis","camera_03_85_2025__2025-10-29__08-45-28(2).JPG",2,2025-10-29
28,85,"Sciurus_carolinensis","30/10/2025 10:56","30/10/2025","10:56:24",94256,1570.9,26.2,1.1,"../results/images/camera_03_85_2025/Sciurus_carolinensis","camera_03_85_2025__2025-10-30__10-56-24(2).JPG",1,2025-10-30
29,85,"Sciurus_carolinensis","30/10/2025 14:14","30/10/2025","14:14:48",11904,198.4,3.3,0.1,"../results/images/camera_03_85_2025/Sciurus_carolinensis","camera_03_85_2025__2025-10-30__14-14-48(1).JPG",4,2025-10-30
30,85,"Sciurus_carolinensis","02/11/2025 11:14","02/11/2025","11:14:41",248393,4139.9,69,2.9,"../results/images/camera_03_85_2025/Sciurus_carolinensis","camera_03_85_2025__2025-11-02__11-14-41(1).JPG",1,2025-11-02
31,85,"Sciurus_carolinensis","08/11/2025 15:56","08/11/2025","15:56:40",535319,8922,148.7,6.2,"../results/images/camera_03_85_2025/Sciurus_carolinensis","camera_03_85_2025__2025-11-08__15-56-40(1).JPG",1,2025-11-08
32,85,"Sciurus_carolinensis","12/11/2025 14:52","12/11/2025","14:52:13",341733,5695.6,94.9,4,"../results/images/camera_03_85_2025/Sciurus_carolinensis","camera_03_85_2025__2025-11-12__14-52-13(2).JPG",1,2025-11-12
33,85,"Sciurus_carolinensis","13/11/2025 13:36","13/11/2025","13:36:54",81881,1364.7,22.7,0.9,"../results/images/camera_03_85_2025/Sciurus_carolinensis","camera_03_85_2025__2025-11-13__13-36-54(2).JPG",2,2025-11-13
34,85,"Vulpes_vulpes","24/10/2025 10:14","24/10/2025","10:14:33",0,0,0,0,"../results/images/camera_03_85_2025/Vulpes_vulpes","camera_03_85_2025__2025-10-24__10-14-33(1).JPG",1,2025-10-24
35,85,"Vulpes_vulpes","23/11/2025 21:44","23/11/2025","21:44:52",2633419,43890.3,731.5,30.5,"../results/images/camera_03_85_2025/Vulpes_vulpes","camera_03_85_2025__2025-11-23__21-44-52(2).JPG",2,2025-11-23
36,85,"Vulpes_vulpes","23/11/2025 23:06","23/11/2025","23:06:57",4925,82.1,1.4,0.1,"../results/images/camera_03_85_2025/Vulpes_vulpes","camera_03_85_2025__2025-11-23__23-06-57(3).JPG",1,2025-11-23
1,68,"Capreolus_capreolus","11/10/2025 08:12","11/10/2025","08:12:43",0,0,0,0,"D:/silwood/DSCF/Capreolus_capreolus","04__2025-10-11__08-12-43(1).JPG",2,2025-10-11
2,68,"Capreolus_capreolus","11/10/2025 09:07","11/10/2025","09:07:50",3307,55.1,0.9,0,"D:/silwood/DSCF/Capreolus_capreolus","04__2025-10-11__09-07-50(1).JPG",1,2025-10-11
3,68,"Capreolus_capreolus","11/10/2025 20:27","11/10/2025","20:27:42",40792,679.9,11.3,0.5,"D:/silwood/DSCF/Capreolus_capreolus","04__2025-10-11__20-27-42(3).JPG",7,2025-10-11
4,68,"Capreolus_capreolus","11/10/2025 20:58","11/10/2025","20:58:46",1864,31.1,0.5,0,"D:/silwood/DSCF/Capreolus_capreolus","04__2025-10-11__20-58-46(1).JPG",2,2025-10-11
5,68,"Capreolus_capreolus","11/10/2025 21:37","11/10/2025","21:37:11",2305,38.4,0.6,0,"D:/silwood/DSCF/Capreolus_capreolus","04__2025-10-11__21-37-11(1).JPG",5,2025-10-11
6,68,"Capreolus_capreolus","11/10/2025 23:29","11/10/2025","23:29:03",6712,111.9,1.9,0.1,"D:/silwood/DSCF/Capreolus_capreolus","04__2025-10-11__23-29-03(2).JPG",1,2025-10-11
7,68,"Capreolus_capreolus","12/10/2025 00:41","12/10/2025","00:41:23",4340,72.3,1.2,0,"D:/silwood/DSCF/Capreolus_capreolus","04__2025-10-12__00-41-23(3).JPG",2,2025-10-12
8,68,"Capreolus_capreolus","12/10/2025 04:52","12/10/2025","04:52:49",15086,251.4,4.2,0.2,"D:/silwood/DSCF/Capreolus_capreolus","04__2025-10-12__04-52-49(1).JPG",10,2025-10-12
9,68,"Capreolus_capreolus","12/10/2025 07:28","12/10/2025","07:28:41",9352,155.9,2.6,0.1,"D:/silwood/DSCF/Capreolus_capreolus","04__2025-10-12__07-28-41(1).JPG",2,2025-10-12
10,68,"Capreolus_capreolus","12/10/2025 19:23","12/10/2025","19:23:51",42910,715.2,11.9,0.5,"D:/silwood/DSCF/Capreolus_capreolus","04__2025-10-12__19-23-51(1).JPG",1,2025-10-12
11,68,"Capreolus_capreolus","12/10/2025 23:43","12/10/2025","23:43:43",15592,259.9,4.3,0.2,"D:/silwood/DSCF/Capreolus_capreolus","04__2025-10-12__23-43-43(1).JPG",2,2025-10-12
12,68,"Capreolus_capreolus","14/10/2025 01:10","14/10/2025","01:10:19",91596,1526.6,25.4,1.1,"D:/silwood/DSCF/Capreolus_capreolus","04__2025-10-14__01-10-19(1).JPG",3,2025-10-14
13,68,"Capreolus_capreolus","14/10/2025 02:29","14/10/2025","02:29:34",4755,79.2,1.3,0.1,"D:/silwood/DSCF/Capreolus_capreolus","04__2025-10-14__02-29-34(1).JPG",2,2025-10-14
14,68,"Capreolus_capreolus","15/10/2025 00:38","15/10/2025","00:38:14",79720,1328.7,22.1,0.9,"D:/silwood/DSCF/Capreolus_capreolus","04__2025-10-15__00-38-14(1).JPG",2,2025-10-15
15,68,"Capreolus_capreolus","15/10/2025 21:13","15/10/2025","21:13:19",74105,1235.1,20.6,0.9,"D:/silwood/DSCF/Capreolus_capreolus","04__2025-10-15__21-13-19(1).JPG",1,2025-10-15
16,68,"Capreolus_capreolus","15/10/2025 22:56","15/10/2025","22:56:25",6186,103.1,1.7,0.1,"D:/silwood/DSCF/Capreolus_capreolus","04__2025-10-15__22-56-25(1).JPG",1,2025-10-15
17,68,"Capreolus_capreolus","16/10/2025 18:46","16/10/2025","18:46:00",71375,1189.6,19.8,0.8,"D:/silwood/DSCF/Capreolus_capreolus","04__2025-10-16__18-46-00(1).JPG",3,2025-10-16
18,68,"Capreolus_capreolus","17/10/2025 07:31","17/10/2025","07:31:22",45922,765.4,12.8,0.5,"D:/silwood/DSCF/Capreolus_capreolus","04__2025-10-17__07-31-22(1).JPG",1,2025-10-17
19,68,"Capreolus_capreolus","17/10/2025 08:07","17/10/2025","08:07:10",2148,35.8,0.6,0,"D:/silwood/DSCF/Capreolus_capreolus","04__2025-10-17__08-07-10(1).JPG",1,2025-10-17
20,68,"Capreolus_capreolus","17/10/2025 18:50","17/10/2025","18:50:23",38593,643.2,10.7,0.4,"D:/silwood/DSCF/Capreolus_capreolus","04__2025-10-17__18-50-23(1).JPG",3,2025-10-17
21,68,"Capreolus_capreolus","18/10/2025 00:25","18/10/2025","00:25:29",20106,335.1,5.6,0.2,"D:/silwood/DSCF/Capreolus_capreolus","04__2025-10-18__00-25-29(1).JPG",2,2025-10-18
22,68,"Capreolus_capreolus","18/10/2025 01:17","18/10/2025","01:17:45",3136,52.3,0.9,0,"D:/silwood/DSCF/Capreolus_capreolus","04__2025-10-18__01-17-45(1).JPG",2,2025-10-18
23,68,"Capreolus_capreolus","19/10/2025 02:26","19/10/2025","02:26:08",90503,1508.4,25.1,1,"D:/silwood/DSCF/Capreolus_capreolus","04__2025-10-19__02-26-08(1).JPG",1,2025-10-19
24,68,"Capreolus_capreolus","23/10/2025 07:46","23/10/2025","07:46:17",364809,6080.1,101.3,4.2,"D:/silwood/DSCF/Capreolus_capreolus","04__2025-10-23__07-46-17(1).JPG",1,2025-10-23
25,68,"Capreolus_capreolus","23/10/2025 09:07","23/10/2025","09:07:48",4891,81.5,1.4,0.1,"D:/silwood/DSCF/Capreolus_capreolus","04__2025-10-23__09-07-48(1).JPG",1,2025-10-23
26,68,"Capreolus_capreolus","23/10/2025 18:21","23/10/2025","18:21:19",33211,553.5,9.2,0.4,"D:/silwood/DSCF/Capreolus_capreolus","04__2025-10-23__18-21-19(1).JPG",1,2025-10-23
27,68,"Capreolus_capreolus","24/10/2025 19:00","24/10/2025","19:00:11",88732,1478.9,24.6,1,"D:/silwood/DSCF/Capreolus_capreolus","04__2025-10-24__19-00-11(1).JPG",6,2025-10-24
28,68,"Capreolus_capreolus","25/10/2025 09:33","25/10/2025","09:33:37",52406,873.4,14.6,0.6,"D:/silwood/DSCF/Capreolus_capreolus","04__2025-10-25__09-33-37(2).JPG",1,2025-10-25
29,68,"Capreolus_capreolus","25/10/2025 18:33","25/10/2025","18:33:37",32400,540,9,0.4,"D:/silwood/DSCF/Capreolus_capreolus","04__2025-10-25__18-33-37(1).JPG",7,2025-10-25
30,68,"Capreolus_capreolus","28/10/2025 08:49","28/10/2025","08:49:15",224138,3735.6,62.3,2.6,"D:/silwood/DSCF/Capreolus_capreolus","04__2025-10-28__08-49-15(1).JPG",1,2025-10-28
31,68,"Capreolus_capreolus","28/10/2025 15:14","28/10/2025","15:14:14",23099,385,6.4,0.3,"D:/silwood/DSCF/Capreolus_capreolus","04__2025-10-28__15-14-14(1).JPG",4,2025-10-28
32,68,"Capreolus_capreolus","28/10/2025 20:35","28/10/2025","20:35:05",19251,320.9,5.3,0.2,"D:/silwood/DSCF/Capreolus_capreolus","04__2025-10-28__20-35-05(2).JPG",1,2025-10-28
33,68,"Capreolus_capreolus","30/10/2025 12:49","30/10/2025","12:49:28",144863,2414.4,40.2,1.7,"D:/silwood/DSCF/Capreolus_capreolus","04__2025-10-30__12-49-28(1).JPG",2,2025-10-30
34,68,"Capreolus_capreolus","31/10/2025 04:23","31/10/2025","04:23:13",56025,933.8,15.6,0.7,"D:/silwood/DSCF/Capreolus_capreolus","04__2025-10-31__04-23-13(1).JPG",2,2025-10-31
35,68,"Capreolus_capreolus","31/10/2025 09:26","31/10/2025","09:26:22",18189,303.1,5.1,0.2,"D:/silwood/DSCF/Capreolus_capreolus","04__2025-10-31__09-26-22(1).JPG",1,2025-10-31
36,68,"Capreolus_capreolus","02/11/2025 18:45","02/11/2025","18:45:37",206355,3439.2,57.3,2.4,"D:/silwood/DSCF/Capreolus_capreolus","04__2025-11-02__18-45-37(1).JPG",3,2025-11-02
37,68,"Capreolus_capreolus","06/11/2025 01:21","06/11/2025","01:21:22",282945,4715.8,78.6,3.3,"D:/silwood/DSCF/Capreolus_capreolus","04__2025-11-06__01-21-22(2).JPG",8,2025-11-06
38,68,"Capreolus_capreolus","09/11/2025 21:35","09/11/2025","21:35:36",332054,5534.2,92.2,3.8,"D:/silwood/DSCF/Capreolus_capreolus","04__2025-11-09__21-35-36(1).JPG",5,2025-11-09
39,68,"Capreolus_capreolus","10/11/2025 09:06","10/11/2025","09:06:04",41428,690.5,11.5,0.5,"D:/silwood/DSCF/Capreolus_capreolus","04__2025-11-10__09-06-04(1).JPG",2,2025-11-10
40,68,"Capreolus_capreolus","17/11/2025 09:36","17/11/2025","09:36:41",606637,10110.6,168.5,7,"D:/silwood/DSCF/Capreolus_capreolus","04__2025-11-17__09-36-41(1).JPG",1,2025-11-17
41,68,"Capreolus_capreolus","21/11/2025 17:34","21/11/2025","17:34:51",374290,6238.2,104,4.3,"D:/silwood/DSCF/Capreolus_capreolus","04__2025-11-21__17-34-51(1).JPG",2,2025-11-21
42,68,"Columba_palumbus","16/11/2025 12:52","16/11/2025","12:52:56",0,0,0,0,"D:/silwood/DSCF/Columba_palumbus","04__2025-11-16__12-52-56(1).JPG",3,2025-11-16
43,68,"Columba_palumbus","17/11/2025 10:10","17/11/2025","10:10:00",76624,1277.1,21.3,0.9,"D:/silwood/DSCF/Columba_palumbus","04__2025-11-17__10-10-00(1).JPG",2,2025-11-17
44,68,"Columba_palumbus","21/11/2025 14:32","21/11/2025","14:32:23",361343,6022.4,100.4,4.2,"D:/silwood/DSCF/Columba_palumbus","04__2025-11-21__14-32-23(1).JPG",4,2025-11-21
45,68,"Columba_palumbus","23/11/2025 15:11","23/11/2025","15:11:52",175169,2919.5,48.7,2,"D:/silwood/DSCF/Columba_palumbus","04__2025-11-23__15-11-52(1).JPG",3,2025-11-23
46,68,"Garrulus_glandarius","21/11/2025 14:24","21/11/2025","14:24:34",0,0,0,0,"D:/silwood/DSCF/Garrulus_glandarius","04__2025-11-21__14-24-34(1).JPG",1,2025-11-21
47,68,"Homo_sapiens","20/06/2025 12:00","20/06/2025","12:00:19",0,0,0,0,"D:/silwood/DSCF/Homo_sapiens","04__2025-06-20__12-00-19(1).JPG",3,2025-06-20
48,68,"Homo_sapiens","08/10/2025 11:07","08/10/2025","11:07:41",9500842,158347.4,2639.1,110,"D:/silwood/DSCF/Homo_sapiens","04__2025-10-08__11-07-41(1).JPG",3,2025-10-08
49,68,"Homo_sapiens","02/11/2025 10:41","02/11/2025","10:41:39",2158438,35974,599.6,25,"D:/silwood/DSCF/Homo_sapiens","04__2025-11-02__10-41-39(1).JPG",1,2025-11-02
50,68,"Homo_sapiens","24/11/2025 11:04","24/11/2025","11:04:37",1902178,31703,528.4,22,"D:/silwood/DSCF/Homo_sapiens","04__2025-11-24__11-04-37(1).JPG",2,2025-11-24
51,68,"Muntiacus_reevesi","09/10/2025 01:23","09/10/2025","01:23:52",0,0,0,0,"D:/silwood/DSCF/Muntiacus_reevesi","04__2025-10-09__01-23-52(1).JPG",2,2025-10-09
52,68,"Muntiacus_reevesi","09/10/2025 03:28","09/10/2025","03:28:22",7470,124.5,2.1,0.1,"D:/silwood/DSCF/Muntiacus_reevesi","04__2025-10-09__03-28-22(1).JPG",2,2025-10-09
53,68,"Muntiacus_reevesi","10/10/2025 08:15","10/10/2025","08:15:24",103622,1727,28.8,1.2,"D:/silwood/DSCF/Muntiacus_reevesi","04__2025-10-10__08-15-24(1).JPG",1,2025-10-10
54,68,"Muntiacus_reevesi","10/10/2025 12:01","10/10/2025","12:01:50",13586,226.4,3.8,0.2,"D:/silwood/DSCF/Muntiacus_reevesi","04__2025-10-10__12-01-50(1).JPG",1,2025-10-10
55,68,"Muntiacus_reevesi","11/10/2025 07:37","11/10/2025","07:37:04",70514,1175.2,19.6,0.8,"D:/silwood/DSCF/Muntiacus_reevesi","04__2025-10-11__07-37-04(1).JPG",1,2025-10-11
56,68,"Muntiacus_reevesi","12/10/2025 07:07","12/10/2025","07:07:50",84646,1410.8,23.5,1,"D:/silwood/DSCF/Muntiacus_reevesi","04__2025-10-12__07-07-50(1).JPG",2,2025-10-12
57,68,"Muntiacus_reevesi","12/10/2025 08:04","12/10/2025","08:04:07",3377,56.3,0.9,0,"D:/silwood/DSCF/Muntiacus_reevesi","04__2025-10-12__08-04-07(1).JPG",2,2025-10-12
58,68,"Muntiacus_reevesi","12/10/2025 18:23","12/10/2025","18:23:19",37152,619.2,10.3,0.4,"D:/silwood/DSCF/Muntiacus_reevesi","04__2025-10-12__18-23-19(1).JPG",1,2025-10-12
59,68,"Muntiacus_reevesi","14/10/2025 02:35","14/10/2025","02:35:21",115922,1932,32.2,1.3,"D:/silwood/DSCF/Muntiacus_reevesi","04__2025-10-14__02-35-21(3).JPG",2,2025-10-14
60,68,"Muntiacus_reevesi","14/10/2025 07:21","14/10/2025","07:21:09",17148,285.8,4.8,0.2,"D:/silwood/DSCF/Muntiacus_reevesi","04__2025-10-14__07-21-09(1).JPG",1,2025-10-14
61,68,"Muntiacus_reevesi","14/10/2025 18:30","14/10/2025","18:30:56",40187,669.8,11.2,0.5,"D:/silwood/DSCF/Muntiacus_reevesi","04__2025-10-14__18-30-56(1).JPG",2,2025-10-14
62,68,"Muntiacus_reevesi","14/10/2025 22:16","14/10/2025","22:16:15",13519,225.3,3.8,0.2,"D:/silwood/DSCF/Muntiacus_reevesi","04__2025-10-14__22-16-15(1).JPG",2,2025-10-14
63,68,"Muntiacus_reevesi","14/10/2025 23:04","14/10/2025","23:04:34",2899,48.3,0.8,0,"D:/silwood/DSCF/Muntiacus_reevesi","04__2025-10-14__23-04-34(1).JPG",1,2025-10-14
64,68,"Muntiacus_reevesi","15/10/2025 01:30","15/10/2025","01:30:50",8776,146.3,2.4,0.1,"D:/silwood/DSCF/Muntiacus_reevesi","04__2025-10-15__01-30-50(1).JPG",2,2025-10-15
65,68,"Muntiacus_reevesi","15/10/2025 18:12","15/10/2025","18:12:25",60095,1001.6,16.7,0.7,"D:/silwood/DSCF/Muntiacus_reevesi","04__2025-10-15__18-12-25(1).JPG",4,2025-10-15
66,68,"Muntiacus_reevesi","15/10/2025 20:04","15/10/2025","20:04:21",6716,111.9,1.9,0.1,"D:/silwood/DSCF/Muntiacus_reevesi","04__2025-10-15__20-04-21(1).JPG",2,2025-10-15
67,68,"Muntiacus_reevesi","16/10/2025 07:18","16/10/2025","07:18:35",40454,674.2,11.2,0.5,"D:/silwood/DSCF/Muntiacus_reevesi","04__2025-10-16__07-18-35(1).JPG",1,2025-10-16
68,68,"Muntiacus_reevesi","16/10/2025 13:50","16/10/2025","13:50:38",23523,392,6.5,0.3,"D:/silwood/DSCF/Muntiacus_reevesi","04__2025-10-16__13-50-38(1).JPG",2,2025-10-16
69,68,"Muntiacus_reevesi","17/10/2025 04:21","17/10/2025","04:21:32",52254,870.9,14.5,0.6,"D:/silwood/DSCF/Muntiacus_reevesi","04__2025-10-17__04-21-32(1).JPG",1,2025-10-17
70,68,"Muntiacus_reevesi","17/10/2025 09:59","17/10/2025","09:59:25",20273,337.9,5.6,0.2,"D:/silwood/DSCF/Muntiacus_reevesi","04__2025-10-17__09-59-25(1).JPG",2,2025-10-17
71,68,"Muntiacus_reevesi","18/10/2025 08:17","18/10/2025","08:17:11",80266,1337.8,22.3,0.9,"D:/silwood/DSCF/Muntiacus_reevesi","04__2025-10-18__08-17-11(1).JPG",2,2025-10-18
72,68,"Muntiacus_reevesi","18/10/2025 20:30","18/10/2025","20:30:04",43973,732.9,12.2,0.5,"D:/silwood/DSCF/Muntiacus_reevesi","04__2025-10-18__20-30-04(1).JPG",1,2025-10-18
73,68,"Muntiacus_reevesi","19/10/2025 06:46","19/10/2025","06:46:37",36993,616.5,10.3,0.4,"D:/silwood/DSCF/Muntiacus_reevesi","04__2025-10-19__06-46-37(1).JPG",2,2025-10-19
74,68,"Muntiacus_reevesi","19/10/2025 17:28","19/10/2025","17:28:09",38492,641.5,10.7,0.4,"D:/silwood/DSCF/Muntiacus_reevesi","04__2025-10-19__17-28-09(2).JPG",1,2025-10-19
75,68,"Muntiacus_reevesi","20/10/2025 21:38","20/10/2025","21:38:21",101412,1690.2,28.2,1.2,"D:/silwood/DSCF/Muntiacus_reevesi","04__2025-10-20__21-38-21(1).JPG",1,2025-10-20
76,68,"Muntiacus_reevesi","20/10/2025 22:28","20/10/2025","22:28:57",3036,50.6,0.8,0,"D:/silwood/DSCF/Muntiacus_reevesi","04__2025-10-20__22-28-57(1).JPG",1,2025-10-20
77,68,"Muntiacus_reevesi","21/10/2025 21:48","21/10/2025","21:48:57",84000,1400,23.3,1,"D:/silwood/DSCF/Muntiacus_reevesi","04__2025-10-21__21-48-57(1).JPG",1,2025-10-21
78,68,"Muntiacus_reevesi","22/10/2025 07:46","22/10/2025","07:46:12",35835,597.2,10,0.4,"D:/silwood/DSCF/Muntiacus_reevesi","04__2025-10-22__07-46-12(1).JPG",1,2025-10-22
79,68,"Muntiacus_reevesi","22/10/2025 10:18","22/10/2025","10:18:25",9133,152.2,2.5,0.1,"D:/silwood/DSCF/Muntiacus_reevesi","04__2025-10-22__10-18-25(1).JPG",3,2025-10-22
80,68,"Muntiacus_reevesi","22/10/2025 13:13","22/10/2025","13:13:12",10487,174.8,2.9,0.1,"D:/silwood/DSCF/Muntiacus_reevesi","04__2025-10-22__13-13-12(1).JPG",2,2025-10-22
81,68,"Muntiacus_reevesi","23/10/2025 02:22","23/10/2025","02:22:43",47371,789.5,13.2,0.5,"D:/silwood/DSCF/Muntiacus_reevesi","04__2025-10-23__02-22-43(1).JPG",1,2025-10-23
82,68,"Muntiacus_reevesi","23/10/2025 18:16","23/10/2025","18:16:35",57232,953.9,15.9,0.7,"D:/silwood/DSCF/Muntiacus_reevesi","04__2025-10-23__18-16-35(2).JPG",2,2025-10-23
83,68,"Muntiacus_reevesi","24/10/2025 18:16","24/10/2025","18:16:28",86393,1439.9,24,1,"D:/silwood/DSCF/Muntiacus_reevesi","04__2025-10-24__18-16-28(1).JPG",1,2025-10-24
84,68,"Muntiacus_reevesi","25/10/2025 03:06","25/10/2025","03:06:32",31804,530.1,8.8,0.4,"D:/silwood/DSCF/Muntiacus_reevesi","04__2025-10-25__03-06-32(2).JPG",3,2025-10-25
85,68,"Muntiacus_reevesi","25/10/2025 09:31","25/10/2025","09:31:29",23097,385,6.4,0.3,"D:/silwood/DSCF/Muntiacus_reevesi","04__2025-10-25__09-31-29(2).JPG",2,2025-10-25
86,68,"Muntiacus_reevesi","25/10/2025 18:03","25/10/2025","18:03:43",30734,512.2,8.5,0.4,"D:/silwood/DSCF/Muntiacus_reevesi","04__2025-10-25__18-03-43(2).JPG",2,2025-10-25
87,68,"Muntiacus_reevesi","25/10/2025 18:46","25/10/2025","18:46:27",2564,42.7,0.7,0,"D:/silwood/DSCF/Muntiacus_reevesi","04__2025-10-25__18-46-27(1).JPG",1,2025-10-25
88,68,"Muntiacus_reevesi","25/10/2025 23:59","25/10/2025","23:59:59",18812,313.5,5.2,0.2,"D:/silwood/DSCF/Muntiacus_reevesi","04__2025-10-25__23-59-59(1).JPG",2,2025-10-25
89,68,"Muntiacus_reevesi","26/10/2025 18:24","26/10/2025","18:24:53",66294,1104.9,18.4,0.8,"D:/silwood/DSCF/Muntiacus_reevesi","04__2025-10-26__18-24-53(1).JPG",1,2025-10-26
90,68,"Muntiacus_reevesi","27/10/2025 05:30","27/10/2025","05:30:49",39956,665.9,11.1,0.5,"D:/silwood/DSCF/Muntiacus_reevesi","04__2025-10-27__05-30-49(2).JPG",1,2025-10-27
91,68,"Muntiacus_reevesi","27/10/2025 07:00","27/10/2025","07:00:18",5369,89.5,1.5,0.1,"D:/silwood/DSCF/Muntiacus_reevesi","04__2025-10-27__07-00-18(1).JPG",1,2025-10-27
92,68,"Muntiacus_reevesi","27/10/2025 18:22","27/10/2025","18:22:36",40938,682.3,11.4,0.5,"D:/silwood/DSCF/Muntiacus_reevesi","04__2025-10-27__18-22-36(1).JPG",1,2025-10-27
93,68,"Muntiacus_reevesi","28/10/2025 20:32","28/10/2025","20:32:34",94198,1570,26.2,1.1,"D:/silwood/DSCF/Muntiacus_reevesi","04__2025-10-28__20-32-34(1).JPG",3,2025-10-28
94,68,"Muntiacus_reevesi","28/10/2025 23:52","28/10/2025","23:52:48",12014,200.2,3.3,0.1,"D:/silwood/DSCF/Muntiacus_reevesi","04__2025-10-28__23-52-48(1).JPG",1,2025-10-28
95,68,"Muntiacus_reevesi","30/10/2025 07:54","30/10/2025","07:54:03",115275,1921.2,32,1.3,"D:/silwood/DSCF/Muntiacus_reevesi","04__2025-10-30__07-54-03(2).JPG",3,2025-10-30
96,68,"Muntiacus_reevesi","30/10/2025 09:05","30/10/2025","09:05:49",4306,71.8,1.2,0,"D:/silwood/DSCF/Muntiacus_reevesi","04__2025-10-30__09-05-49(3).JPG",1,2025-10-30
97,68,"Muntiacus_reevesi","30/10/2025 09:53","30/10/2025","09:53:31",2862,47.7,0.8,0,"D:/silwood/DSCF/Muntiacus_reevesi","04__2025-10-30__09-53-31(1).JPG",1,2025-10-30
98,68,"Muntiacus_reevesi","30/10/2025 16:45","30/10/2025","16:45:23",24712,411.9,6.9,0.3,"D:/silwood/DSCF/Muntiacus_reevesi","04__2025-10-30__16-45-23(3).JPG",2,2025-10-30
99,68,"Muntiacus_reevesi","30/10/2025 20:32","30/10/2025","20:32:22",13619,227,3.8,0.2,"D:/silwood/DSCF/Muntiacus_reevesi","04__2025-10-30__20-32-22(1).JPG",2,2025-10-30
100,68,"Muntiacus_reevesi","30/10/2025 22:51","30/10/2025","22:51:28",8346,139.1,2.3,0.1,"D:/silwood/DSCF/Muntiacus_reevesi","04__2025-10-30__22-51-28(3).JPG",1,2025-10-30
101,68,"Muntiacus_reevesi","30/10/2025 23:43","30/10/2025","23:43:52",3144,52.4,0.9,0,"D:/silwood/DSCF/Muntiacus_reevesi","04__2025-10-30__23-43-52(1).JPG",1,2025-10-30
102,68,"Muntiacus_reevesi","31/10/2025 07:16","31/10/2025","07:16:59",27187,453.1,7.6,0.3,"D:/silwood/DSCF/Muntiacus_reevesi","04__2025-10-31__07-16-59(1).JPG",1,2025-10-31
103,68,"Muntiacus_reevesi","31/10/2025 07:58","31/10/2025","07:58:39",2500,41.7,0.7,0,"D:/silwood/DSCF/Muntiacus_reevesi","04__2025-10-31__07-58-39(1).JPG",3,2025-10-31
104,68,"Muntiacus_reevesi","31/10/2025 09:21","31/10/2025","09:21:15",4956,82.6,1.4,0.1,"D:/silwood/DSCF/Muntiacus_reevesi","04__2025-10-31__09-21-15(2).JPG",2,2025-10-31
105,68,"Muntiacus_reevesi","01/11/2025 00:36","01/11/2025","00:36:51",54936,915.6,15.3,0.6,"D:/silwood/DSCF/Muntiacus_reevesi","04__2025-11-01__00-36-51(1).JPG",1,2025-11-01
106,68,"Muntiacus_reevesi","01/11/2025 04:16","01/11/2025","04:16:51",13200,220,3.7,0.2,"D:/silwood/DSCF/Muntiacus_reevesi","04__2025-11-01__04-16-51(1).JPG",3,2025-11-01
107,68,"Muntiacus_reevesi","01/11/2025 07:45","01/11/2025","07:45:35",12524,208.7,3.5,0.1,"D:/silwood/DSCF/Muntiacus_reevesi","04__2025-11-01__07-45-35(1).JPG",2,2025-11-01
108,68,"Muntiacus_reevesi","01/11/2025 08:29","01/11/2025","08:29:01",2606,43.4,0.7,0,"D:/silwood/DSCF/Muntiacus_reevesi","04__2025-11-01__08-29-01(1).JPG",1,2025-11-01
109,68,"Muntiacus_reevesi","01/11/2025 22:46","01/11/2025","22:46:15",51434,857.2,14.3,0.6,"D:/silwood/DSCF/Muntiacus_reevesi","04__2025-11-01__22-46-15(1).JPG",1,2025-11-01
110,68,"Muntiacus_reevesi","02/11/2025 05:33","02/11/2025","05:33:47",24452,407.5,6.8,0.3,"D:/silwood/DSCF/Muntiacus_reevesi","04__2025-11-02__05-33-47(1).JPG",2,2025-11-02
111,68,"Muntiacus_reevesi","02/11/2025 08:30","02/11/2025","08:30:06",10579,176.3,2.9,0.1,"D:/silwood/DSCF/Muntiacus_reevesi","04__2025-11-02__08-30-06(1).JPG",3,2025-11-02
112,68,"Muntiacus_reevesi","02/11/2025 09:08","02/11/2025","09:08:42",2316,38.6,0.6,0,"D:/silwood/DSCF/Muntiacus_reevesi","04__2025-11-02__09-08-42(1).JPG",3,2025-11-02
113,68,"Muntiacus_reevesi","02/11/2025 17:58","02/11/2025","17:58:39",31797,530,8.8,0.4,"D:/silwood/DSCF/Muntiacus_reevesi","04__2025-11-02__17-58-39(1).JPG",2,2025-11-02
114,68,"Muntiacus_reevesi","02/11/2025 19:09","02/11/2025","19:09:42",4263,71,1.2,0,"D:/silwood/DSCF/Muntiacus_reevesi","04__2025-11-02__19-09-42(1).JPG",1,2025-11-02
115,68,"Muntiacus_reevesi","02/11/2025 23:06","02/11/2025","23:06:38",14216,236.9,3.9,0.2,"D:/silwood/DSCF/Muntiacus_reevesi","04__2025-11-02__23-06-38(1).JPG",5,2025-11-02
116,68,"Muntiacus_reevesi","03/11/2025 04:31","03/11/2025","04:31:13",19475,324.6,5.4,0.2,"D:/silwood/DSCF/Muntiacus_reevesi","04__2025-11-03__04-31-13(1).JPG",2,2025-11-03
117,68,"Muntiacus_reevesi","03/11/2025 05:04","03/11/2025","05:04:08",1975,32.9,0.5,0,"D:/silwood/DSCF/Muntiacus_reevesi","04__2025-11-03__05-04-08(1).JPG",1,2025-11-03
118,68,"Muntiacus_reevesi","03/11/2025 06:51","03/11/2025","06:51:23",6435,107.2,1.8,0.1,"D:/silwood/DSCF/Muntiacus_reevesi","04__2025-11-03__06-51-23(1).JPG",1,2025-11-03
119,68,"Muntiacus_reevesi","04/11/2025 00:21","04/11/2025","00:21:47",63024,1050.4,17.5,0.7,"D:/silwood/DSCF/Muntiacus_reevesi","04__2025-11-04__00-21-47(1).JPG",2,2025-11-04
120,68,"Muntiacus_reevesi","05/11/2025 06:56","05/11/2025","06:56:51",110104,1835.1,30.6,1.3,"D:/silwood/DSCF/Muntiacus_reevesi","04__2025-11-05__06-56-51(1).JPG",2,2025-11-05
121,68,"Muntiacus_reevesi","05/11/2025 07:40","05/11/2025","07:40:15",2604,43.4,0.7,0,"D:/silwood/DSCF/Muntiacus_reevesi","04__2025-11-05__07-40-15(1).JPG",1,2025-11-05
122,68,"Muntiacus_reevesi","05/11/2025 08:19","05/11/2025","08:19:47",2372,39.5,0.7,0,"D:/silwood/DSCF/Muntiacus_reevesi","04__2025-11-05__08-19-47(1).JPG",8,2025-11-05
123,68,"Muntiacus_reevesi","05/11/2025 09:02","05/11/2025","09:02:52",2585,43.1,0.7,0,"D:/silwood/DSCF/Muntiacus_reevesi","04__2025-11-05__09-02-52(1).JPG",1,2025-11-05
124,68,"Muntiacus_reevesi","05/11/2025 18:27","05/11/2025","18:27:17",33865,564.4,9.4,0.4,"D:/silwood/DSCF/Muntiacus_reevesi","04__2025-11-05__18-27-17(1).JPG",1,2025-11-05
125,68,"Muntiacus_reevesi","05/11/2025 19:12","05/11/2025","19:12:52",2735,45.6,0.8,0,"D:/silwood/DSCF/Muntiacus_reevesi","04__2025-11-05__19-12-52(1).JPG",2,2025-11-05
126,68,"Muntiacus_reevesi","05/11/2025 23:37","05/11/2025","23:37:47",15895,264.9,4.4,0.2,"D:/silwood/DSCF/Muntiacus_reevesi","04__2025-11-05__23-37-47(1).JPG",3,2025-11-05
127,68,"Muntiacus_reevesi","06/11/2025 02:52","06/11/2025","02:52:59",11712,195.2,3.3,0.1,"D:/silwood/DSCF/Muntiacus_reevesi","04__2025-11-06__02-52-59(1).JPG",7,2025-11-06
128,68,"Muntiacus_reevesi","06/11/2025 17:31","06/11/2025","17:31:21",52702,878.4,14.6,0.6,"D:/silwood/DSCF/Muntiacus_reevesi","04__2025-11-06__17-31-21(1).JPG",2,2025-11-06
129,68,"Muntiacus_reevesi","06/11/2025 18:04","06/11/2025","18:04:46",2005,33.4,0.6,0,"D:/silwood/DSCF/Muntiacus_reevesi","04__2025-11-06__18-04-46(1).JPG",2,2025-11-06
130,68,"Muntiacus_reevesi","07/11/2025 02:27","07/11/2025","02:27:08",30142,502.4,8.4,0.4,"D:/silwood/DSCF/Muntiacus_reevesi","04__2025-11-07__02-27-08(1).JPG",2,2025-11-07
131,68,"Muntiacus_reevesi","07/11/2025 17:39","07/11/2025","17:39:37",54749,912.5,15.2,0.6,"D:/silwood/DSCF/Muntiacus_reevesi","04__2025-11-07__17-39-37(1).JPG",2,2025-11-07
132,68,"Muntiacus_reevesi","07/11/2025 19:45","07/11/2025","19:45:08",7531,125.5,2.1,0.1,"D:/silwood/DSCF/Muntiacus_reevesi","04__2025-11-07__19-45-08(1).JPG",1,2025-11-07
133,68,"Muntiacus_reevesi","07/11/2025 22:38","07/11/2025","22:38:20",10392,173.2,2.9,0.1,"D:/silwood/DSCF/Muntiacus_reevesi","04__2025-11-07__22-38-20(1).JPG",9,2025-11-07
134,68,"Muntiacus_reevesi","08/11/2025 01:09","08/11/2025","01:09:37",9077,151.3,2.5,0.1,"D:/silwood/DSCF/Muntiacus_reevesi","04__2025-11-08__01-09-37(2).JPG",1,2025-11-08
135,68,"Muntiacus_reevesi","08/11/2025 02:43","08/11/2025","02:43:38",5641,94,1.6,0.1,"D:/silwood/DSCF/Muntiacus_reevesi","04__2025-11-08__02-43-38(1).JPG",2,2025-11-08
136,68,"Muntiacus_reevesi","08/11/2025 07:12","08/11/2025","07:12:44",16146,269.1,4.5,0.2,"D:/silwood/DSCF/Muntiacus_reevesi","04__2025-11-08__07-12-44(3).JPG",1,2025-11-08
137,68,"Muntiacus_reevesi","08/11/2025 07:44","08/11/2025","07:44:44",1920,32,0.5,0,"D:/silwood/DSCF/Muntiacus_reevesi","04__2025-11-08__07-44-44(1).JPG",2,2025-11-08
138,68,"Muntiacus_reevesi","08/11/2025 08:23","08/11/2025","08:23:00",2296,38.3,0.6,0,"D:/silwood/DSCF/Muntiacus_reevesi","04__2025-11-08__08-23-00(1).JPG",6,2025-11-08
139,68,"Muntiacus_reevesi","08/11/2025 17:43","08/11/2025","17:43:33",33633,560.5,9.3,0.4,"D:/silwood/DSCF/Muntiacus_reevesi","04__2025-11-08__17-43-33(1).JPG",6,2025-11-08
140,68,"Muntiacus_reevesi","08/11/2025 23:17","08/11/2025","23:17:39",20046,334.1,5.6,0.2,"D:/silwood/DSCF/Muntiacus_reevesi","04__2025-11-08__23-17-39(1).JPG",2,2025-11-08
141,68,"Muntiacus_reevesi","09/11/2025 01:28","09/11/2025","01:28:19",7840,130.7,2.2,0.1,"D:/silwood/DSCF/Muntiacus_reevesi","04__2025-11-09__01-28-19(1).JPG",4,2025-11-09
142,68,"Muntiacus_reevesi","09/11/2025 02:00","09/11/2025","02:00:28",1929,32.1,0.5,0,"D:/silwood/DSCF/Muntiacus_reevesi","04__2025-11-09__02-00-28(1).JPG",2,2025-11-09
143,68,"Muntiacus_reevesi","09/11/2025 04:42","09/11/2025","04:42:52",9744,162.4,2.7,0.1,"D:/silwood/DSCF/Muntiacus_reevesi","04__2025-11-09__04-42-52(2).JPG",2,2025-11-09
144,68,"Muntiacus_reevesi","09/11/2025 09:18","09/11/2025","09:18:15",16523,275.4,4.6,0.2,"D:/silwood/DSCF/Muntiacus_reevesi","04__2025-11-09__09-18-15(1).JPG",4,2025-11-09
145,68,"Muntiacus_reevesi","09/11/2025 11:23","09/11/2025","11:23:16",7501,125,2.1,0.1,"D:/silwood/DSCF/Muntiacus_reevesi","04__2025-11-09__11-23-16(1).JPG",2,2025-11-09
146,68,"Muntiacus_reevesi","09/11/2025 20:00","09/11/2025","20:00:40",31044,517.4,8.6,0.4,"D:/silwood/DSCF/Muntiacus_reevesi","04__2025-11-09__20-00-40(1).JPG",3,2025-11-09
147,68,"Muntiacus_reevesi","09/11/2025 21:03","09/11/2025","21:03:12",3752,62.5,1,0,"D:/silwood/DSCF/Muntiacus_reevesi","04__2025-11-09__21-03-12(1).JPG",4,2025-11-09
148,68,"Muntiacus_reevesi","10/11/2025 03:19","10/11/2025","03:19:42",22590,376.5,6.3,0.3,"D:/silwood/DSCF/Muntiacus_reevesi","04__2025-11-10__03-19-42(1).JPG",4,2025-11-10
149,68,"Muntiacus_reevesi","10/11/2025 04:09","10/11/2025","04:09:40",2998,50,0.8,0,"D:/silwood/DSCF/Muntiacus_reevesi","04__2025-11-10__04-09-40(1).JPG",1,2025-11-10
150,68,"Muntiacus_reevesi","10/11/2025 06:51","10/11/2025","06:51:12",9692,161.5,2.7,0.1,"D:/silwood/DSCF/Muntiacus_reevesi","04__2025-11-10__06-51-12(1).JPG",15,2025-11-10
151,68,"Muntiacus_reevesi","10/11/2025 07:21","10/11/2025","07:21:50",1838,30.6,0.5,0,"D:/silwood/DSCF/Muntiacus_reevesi","04__2025-11-10__07-21-50(1).JPG",1,2025-11-10
152,68,"Muntiacus_reevesi","10/11/2025 08:10","10/11/2025","08:10:11",2901,48.4,0.8,0,"D:/silwood/DSCF/Muntiacus_reevesi","04__2025-11-10__08-10-11(1).JPG",1,2025-11-10
153,68,"Muntiacus_reevesi","10/11/2025 09:58","10/11/2025","09:58:19",6488,108.1,1.8,0.1,"D:/silwood/DSCF/Muntiacus_reevesi","04__2025-11-10__09-58-19(2).JPG",1,2025-11-10
154,68,"Muntiacus_reevesi","10/11/2025 22:41","10/11/2025","22:41:09",45770,762.8,12.7,0.5,"D:/silwood/DSCF/Muntiacus_reevesi","04__2025-11-10__22-41-09(1).JPG",2,2025-11-10
155,68,"Muntiacus_reevesi","11/11/2025 01:52","11/11/2025","01:52:00",11451,190.8,3.2,0.1,"D:/silwood/DSCF/Muntiacus_reevesi","04__2025-11-11__01-52-00(1).JPG",3,2025-11-11
156,68,"Muntiacus_reevesi","11/11/2025 17:03","11/11/2025","17:03:39",54699,911.6,15.2,0.6,"D:/silwood/DSCF/Muntiacus_reevesi","04__2025-11-11__17-03-39(1).JPG",1,2025-11-11
157,68,"Muntiacus_reevesi","11/11/2025 18:03","11/11/2025","18:03:41",3602,60,1,0,"D:/silwood/DSCF/Muntiacus_reevesi","04__2025-11-11__18-03-41(1).JPG",2,2025-11-11
158,68,"Muntiacus_reevesi","11/11/2025 19:32","11/11/2025","19:32:06",5305,88.4,1.5,0.1,"D:/silwood/DSCF/Muntiacus_reevesi","04__2025-11-11__19-32-06(1).JPG",2,2025-11-11
159,68,"Muntiacus_reevesi","11/11/2025 21:31","11/11/2025","21:31:27",7161,119.3,2,0.1,"D:/silwood/DSCF/Muntiacus_reevesi","04__2025-11-11__21-31-27(1).JPG",1,2025-11-11
160,68,"Muntiacus_reevesi","11/11/2025 23:25","11/11/2025","23:25:09",6822,113.7,1.9,0.1,"D:/silwood/DSCF/Muntiacus_reevesi","04__2025-11-11__23-25-09(1).JPG",1,2025-11-11
161,68,"Muntiacus_reevesi","12/11/2025 07:58","12/11/2025","07:58:55",30826,513.8,8.6,0.4,"D:/silwood/DSCF/Muntiacus_reevesi","04__2025-11-12__07-58-55(1).JPG",7,2025-11-12
162,68,"Muntiacus_reevesi","12/11/2025 08:32","12/11/2025","08:32:58",2043,34,0.6,0,"D:/silwood/DSCF/Muntiacus_reevesi","04__2025-11-12__08-32-58(1).JPG",2,2025-11-12
163,68,"Muntiacus_reevesi","12/11/2025 09:03","12/11/2025","09:03:46",1848,30.8,0.5,0,"D:/silwood/DSCF/Muntiacus_reevesi","04__2025-11-12__09-03-46(1).JPG",2,2025-11-12
164,68,"Muntiacus_reevesi","13/11/2025 01:30","13/11/2025","01:30:10",59184,986.4,16.4,0.7,"D:/silwood/DSCF/Muntiacus_reevesi","04__2025-11-13__01-30-10(1).JPG",1,2025-11-13
165,68,"Muntiacus_reevesi","13/11/2025 02:19","13/11/2025","02:19:29",2959,49.3,0.8,0,"D:/silwood/DSCF/Muntiacus_reevesi","04__2025-11-13__02-19-29(1).JPG",2,2025-11-13
166,68,"Muntiacus_reevesi","13/11/2025 05:52","13/11/2025","05:52:24",12775,212.9,3.5,0.1,"D:/silwood/DSCF/Muntiacus_reevesi","04__2025-11-13__05-52-24(1).JPG",4,2025-11-13
167,68,"Muntiacus_reevesi","13/11/2025 07:10","13/11/2025","07:10:18",4674,77.9,1.3,0.1,"D:/silwood/DSCF/Muntiacus_reevesi","04__2025-11-13__07-10-18(1).JPG",1,2025-11-13
168,68,"Muntiacus_reevesi","13/11/2025 07:49","13/11/2025","07:49:21",2343,39,0.7,0,"D:/silwood/DSCF/Muntiacus_reevesi","04__2025-11-13__07-49-21(1).JPG",2,2025-11-13
169,68,"Muntiacus_reevesi","13/11/2025 09:02","13/11/2025","09:02:40",4399,73.3,1.2,0,"D:/silwood/DSCF/Muntiacus_reevesi","04__2025-11-13__09-02-40(1).JPG",2,2025-11-13
170,68,"Muntiacus_reevesi","13/11/2025 23:09","13/11/2025","23:09:38",50818,847,14.1,0.6,"D:/silwood/DSCF/Muntiacus_reevesi","04__2025-11-13__23-09-38(1).JPG",1,2025-11-13
171,68,"Muntiacus_reevesi","14/11/2025 04:03","14/11/2025","04:03:32",17634,293.9,4.9,0.2,"D:/silwood/DSCF/Muntiacus_reevesi","04__2025-11-14__04-03-32(3).JPG",1,2025-11-14
172,68,"Muntiacus_reevesi","14/11/2025 05:15","14/11/2025","05:15:48",4336,72.3,1.2,0,"D:/silwood/DSCF/Muntiacus_reevesi","04__2025-11-14__05-15-48(1).JPG",1,2025-11-14
173,68,"Muntiacus_reevesi","14/11/2025 08:00","14/11/2025","08:00:26",9878,164.6,2.7,0.1,"D:/silwood/DSCF/Muntiacus_reevesi","04__2025-11-14__08-00-26(1).JPG",2,2025-11-14
174,68,"Muntiacus_reevesi","14/11/2025 09:06","14/11/2025","09:06:35",3969,66.2,1.1,0,"D:/silwood/DSCF/Muntiacus_reevesi","04__2025-11-14__09-06-35(1).JPG",2,2025-11-14
175,68,"Muntiacus_reevesi","14/11/2025 18:01","14/11/2025","18:01:31",32096,534.9,8.9,0.4,"D:/silwood/DSCF/Muntiacus_reevesi","04__2025-11-14__18-01-31(1).JPG",2,2025-11-14
176,68,"Muntiacus_reevesi","14/11/2025 19:48","14/11/2025","19:48:37",6426,107.1,1.8,0.1,"D:/silwood/DSCF/Muntiacus_reevesi","04__2025-11-14__19-48-37(1).JPG",2,2025-11-14
177,68,"Muntiacus_reevesi","14/11/2025 20:28","14/11/2025","20:28:32",2395,39.9,0.7,0,"D:/silwood/DSCF/Muntiacus_reevesi","04__2025-11-14__20-28-32(1).JPG",1,2025-11-14
178,68,"Muntiacus_reevesi","14/11/2025 22:03","14/11/2025","22:03:42",5710,95.2,1.6,0.1,"D:/silwood/DSCF/Muntiacus_reevesi","04__2025-11-14__22-03-42(1).JPG",1,2025-11-14
179,68,"Muntiacus_reevesi","14/11/2025 23:38","14/11/2025","23:38:50",5708,95.1,1.6,0.1,"D:/silwood/DSCF/Muntiacus_reevesi","04__2025-11-14__23-38-50(1).JPG",2,2025-11-14
180,68,"Muntiacus_reevesi","15/11/2025 05:40","15/11/2025","05:40:46",21716,361.9,6,0.2,"D:/silwood/DSCF/Muntiacus_reevesi","04__2025-11-15__05-40-46(1).JPG",5,2025-11-15
181,68,"Muntiacus_reevesi","15/11/2025 06:12","15/11/2025","06:12:13",1887,31.4,0.5,0,"D:/silwood/DSCF/Muntiacus_reevesi","04__2025-11-15__06-12-13(1).JPG",4,2025-11-15
182,68,"Muntiacus_reevesi","15/11/2025 07:24","15/11/2025","07:24:30",4337,72.3,1.2,0,"D:/silwood/DSCF/Muntiacus_reevesi","04__2025-11-15__07-24-30(1).JPG",8,2025-11-15
183,68,"Muntiacus_reevesi","15/11/2025 09:02","15/11/2025","09:02:30",5880,98,1.6,0.1,"D:/silwood/DSCF/Muntiacus_reevesi","04__2025-11-15__09-02-30(1).JPG",8,2025-11-15
184,68,"Muntiacus_reevesi","15/11/2025 11:55","15/11/2025","11:55:51",10401,173.3,2.9,0.1,"D:/silwood/DSCF/Muntiacus_reevesi","04__2025-11-15__11-55-51(1).JPG",5,2025-11-15
185,68,"Muntiacus_reevesi","16/11/2025 13:37","16/11/2025","13:37:08",92477,1541.3,25.7,1.1,"D:/silwood/DSCF/Muntiacus_reevesi","04__2025-11-16__13-37-08(1).JPG",4,2025-11-16
186,68,"Muntiacus_reevesi","16/11/2025 16:16","16/11/2025","16:16:05",9537,158.9,2.6,0.1,"D:/silwood/DSCF/Muntiacus_reevesi","04__2025-11-16__16-16-05(1).JPG",2,2025-11-16
187,68,"Muntiacus_reevesi","16/11/2025 17:50","16/11/2025","17:50:49",5684,94.7,1.6,0.1,"D:/silwood/DSCF/Muntiacus_reevesi","04__2025-11-16__17-50-49(1).JPG",2,2025-11-16
188,68,"Muntiacus_reevesi","17/11/2025 04:02","17/11/2025","04:02:59",36730,612.2,10.2,0.4,"D:/silwood/DSCF/Muntiacus_reevesi","04__2025-11-17__04-02-59(1).JPG",5,2025-11-17
189,68,"Muntiacus_reevesi","17/11/2025 09:34","17/11/2025","09:34:48",19909,331.8,5.5,0.2,"D:/silwood/DSCF/Muntiacus_reevesi","04__2025-11-17__09-34-48(1).JPG",1,2025-11-17
190,68,"Muntiacus_reevesi","17/11/2025 16:39","17/11/2025","16:39:40",25492,424.9,7.1,0.3,"D:/silwood/DSCF/Muntiacus_reevesi","04__2025-11-17__16-39-40(1).JPG",2,2025-11-17
191,68,"Muntiacus_reevesi","17/11/2025 18:44","17/11/2025","18:44:56",7516,125.3,2.1,0.1,"D:/silwood/DSCF/Muntiacus_reevesi","04__2025-11-17__18-44-56(2).JPG",5,2025-11-17
192,68,"Muntiacus_reevesi","17/11/2025 23:53","17/11/2025","23:53:29",18513,308.6,5.1,0.2,"D:/silwood/DSCF/Muntiacus_reevesi","04__2025-11-17__23-53-29(1).JPG",7,2025-11-17
193,68,"Muntiacus_reevesi","18/11/2025 09:03","18/11/2025","09:03:28",32999,550,9.2,0.4,"D:/silwood/DSCF/Muntiacus_reevesi","04__2025-11-18__09-03-28(1).JPG",2,2025-11-18
194,68,"Muntiacus_reevesi","18/11/2025 16:25","18/11/2025","16:25:20",26512,441.9,7.4,0.3,"D:/silwood/DSCF/Muntiacus_reevesi","04__2025-11-18__16-25-20(1).JPG",1,2025-11-18
195,68,"Muntiacus_reevesi","18/11/2025 17:03","18/11/2025","17:03:41",2301,38.4,0.6,0,"D:/silwood/DSCF/Muntiacus_reevesi","04__2025-11-18__17-03-41(1).JPG",1,2025-11-18
196,68,"Muntiacus_reevesi","18/11/2025 19:17","18/11/2025","19:17:08",8007,133.4,2.2,0.1,"D:/silwood/DSCF/Muntiacus_reevesi","04__2025-11-18__19-17-08(1).JPG",2,2025-11-18
197,68,"Muntiacus_reevesi","18/11/2025 23:12","18/11/2025","23:12:21",14113,235.2,3.9,0.2,"D:/silwood/DSCF/Muntiacus_reevesi","04__2025-11-18__23-12-21(2).JPG",1,2025-11-18
198,68,"Muntiacus_reevesi","19/11/2025 00:12","19/11/2025","00:12:31",3610,60.2,1,0,"D:/silwood/DSCF/Muntiacus_reevesi","04__2025-11-19__00-12-31(1).JPG",2,2025-11-19
199,68,"Muntiacus_reevesi","19/11/2025 05:36","19/11/2025","05:36:32",19441,324,5.4,0.2,"D:/silwood/DSCF/Muntiacus_reevesi","04__2025-11-19__05-36-32(1).JPG",3,2025-11-19
200,68,"Muntiacus_reevesi","19/11/2025 08:19","19/11/2025","08:19:22",9770,162.8,2.7,0.1,"D:/silwood/DSCF/Muntiacus_reevesi","04__2025-11-19__08-19-22(2).JPG",6,2025-11-19
201,68,"Muntiacus_reevesi","19/11/2025 16:31","19/11/2025","16:31:15",29513,491.9,8.2,0.3,"D:/silwood/DSCF/Muntiacus_reevesi","04__2025-11-19__16-31-15(1).JPG",3,2025-11-19
202,68,"Muntiacus_reevesi","19/11/2025 18:07","19/11/2025","18:07:21",5766,96.1,1.6,0.1,"D:/silwood/DSCF/Muntiacus_reevesi","04__2025-11-19__18-07-21(1).JPG",2,2025-11-19
203,68,"Muntiacus_reevesi","19/11/2025 20:59","19/11/2025","20:59:19",10318,172,2.9,0.1,"D:/silwood/DSCF/Muntiacus_reevesi","04__2025-11-19__20-59-19(1).JPG",1,2025-11-19
204,68,"Muntiacus_reevesi","20/11/2025 03:27","20/11/2025","03:27:12",23273,387.9,6.5,0.3,"D:/silwood/DSCF/Muntiacus_reevesi","04__2025-11-20__03-27-12(2).JPG",1,2025-11-20
205,68,"Muntiacus_reevesi","20/11/2025 09:08","20/11/2025","09:08:40",20488,341.5,5.7,0.2,"D:/silwood/DSCF/Muntiacus_reevesi","04__2025-11-20__09-08-40(1).JPG",5,2025-11-20
206,68,"Muntiacus_reevesi","20/11/2025 16:32","20/11/2025","16:32:10",26610,443.5,7.4,0.3,"D:/silwood/DSCF/Muntiacus_reevesi","04__2025-11-20__16-32-10(1).JPG",1,2025-11-20
207,68,"Muntiacus_reevesi","20/11/2025 17:06","20/11/2025","17:06:39",2069,34.5,0.6,0,"D:/silwood/DSCF/Muntiacus_reevesi","04__2025-11-20__17-06-39(1).JPG",2,2025-11-20
208,68,"Muntiacus_reevesi","20/11/2025 21:26","20/11/2025","21:26:34",15595,259.9,4.3,0.2,"D:/silwood/DSCF/Muntiacus_reevesi","04__2025-11-20__21-26-34(1).JPG",2,2025-11-20
209,68,"Muntiacus_reevesi","20/11/2025 22:52","20/11/2025","22:52:30",5156,85.9,1.4,0.1,"D:/silwood/DSCF/Muntiacus_reevesi","04__2025-11-20__22-52-30(1).JPG",2,2025-11-20
210,68,"Muntiacus_reevesi","21/11/2025 04:55","21/11/2025","04:55:35",21785,363.1,6.1,0.3,"D:/silwood/DSCF/Muntiacus_reevesi","04__2025-11-21__04-55-35(1).JPG",5,2025-11-21
211,68,"Muntiacus_reevesi","21/11/2025 08:11","21/11/2025","08:11:08",11733,195.6,3.3,0.1,"D:/silwood/DSCF/Muntiacus_reevesi","04__2025-11-21__08-11-08(1).JPG",1,2025-11-21
212,68,"Muntiacus_reevesi","21/11/2025 10:41","21/11/2025","10:41:20",9012,150.2,2.5,0.1,"D:/silwood/DSCF/Muntiacus_reevesi","04__2025-11-21__10-41-20(1).JPG",2,2025-11-21
213,68,"Muntiacus_reevesi","21/11/2025 14:24","21/11/2025","14:24:34",13394,223.2,3.7,0.2,"D:/silwood/DSCF/Muntiacus_reevesi","04__2025-11-21__14-24-34(1).JPG",1,2025-11-21
214,68,"Muntiacus_reevesi","21/11/2025 18:17","21/11/2025","18:17:56",14002,233.4,3.9,0.2,"D:/silwood/DSCF/Muntiacus_reevesi","04__2025-11-21__18-17-56(1).JPG",2,2025-11-21
215,68,"Muntiacus_reevesi","22/11/2025 17:35","22/11/2025","17:35:20",83844,1397.4,23.3,1,"D:/silwood/DSCF/Muntiacus_reevesi","04__2025-11-22__17-35-20(1).JPG",2,2025-11-22
216,68,"Muntiacus_reevesi","22/11/2025 19:01","22/11/2025","19:01:12",5152,85.9,1.4,0.1,"D:/silwood/DSCF/Muntiacus_reevesi","04__2025-11-22__19-01-12(1).JPG",2,2025-11-22
217,68,"Muntiacus_reevesi","22/11/2025 20:00","22/11/2025","20:00:46",3574,59.6,1,0,"D:/silwood/DSCF/Muntiacus_reevesi","04__2025-11-22__20-00-46(1).JPG",2,2025-11-22
218,68,"Muntiacus_reevesi","23/11/2025 00:04","23/11/2025","00:04:14",14608,243.5,4.1,0.2,"D:/silwood/DSCF/Muntiacus_reevesi","04__2025-11-23__00-04-14(1).JPG",3,2025-11-23
219,68,"Muntiacus_reevesi","23/11/2025 03:04","23/11/2025","03:04:38",10824,180.4,3,0.1,"D:/silwood/DSCF/Muntiacus_reevesi","04__2025-11-23__03-04-38(1).JPG",5,2025-11-23
220,68,"Muntiacus_reevesi","23/11/2025 10:23","23/11/2025","10:23:57",26359,439.3,7.3,0.3,"D:/silwood/DSCF/Muntiacus_reevesi","04__2025-11-23__10-23-57(1).JPG",2,2025-11-23
221,68,"Muntiacus_reevesi","23/11/2025 18:05","23/11/2025","18:05:19",27682,461.4,7.7,0.3,"D:/silwood/DSCF/Muntiacus_reevesi","04__2025-11-23__18-05-19(2).JPG",3,2025-11-23
222,68,"Muntiacus_reevesi","23/11/2025 23:53","23/11/2025","23:53:47",20908,348.5,5.8,0.2,"D:/silwood/DSCF/Muntiacus_reevesi","04__2025-11-23__23-53-47(1).JPG",4,2025-11-23
223,68,"Muntiacus_reevesi","24/11/2025 01:24","24/11/2025","01:24:56",5469,91.2,1.5,0.1,"D:/silwood/DSCF/Muntiacus_reevesi","04__2025-11-24__01-24-56(1).JPG",3,2025-11-24
224,68,"Muntiacus_reevesi","24/11/2025 05:17","24/11/2025","05:17:06",13930,232.2,3.9,0.2,"D:/silwood/DSCF/Muntiacus_reevesi","04__2025-11-24__05-17-06(1).JPG",1,2025-11-24
225,68,"Oryctolagus_cuniculus","08/10/2025 23:19","08/10/2025","23:19:08",0,0,0,0,"D:/silwood/DSCF/Oryctolagus_cuniculus","04__2025-10-08__23-19-08(1).JPG",2,2025-10-08
226,68,"Oryctolagus_cuniculus","09/10/2025 03:00","09/10/2025","03:00:18",13270,221.2,3.7,0.2,"D:/silwood/DSCF/Oryctolagus_cuniculus","04__2025-10-09__03-00-18(1).JPG",4,2025-10-09
227,68,"Oryctolagus_cuniculus","10/10/2025 07:04","10/10/2025","07:04:20",101042,1684,28.1,1.2,"D:/silwood/DSCF/Oryctolagus_cuniculus","04__2025-10-10__07-04-20(1).JPG",1,2025-10-10
228,68,"Oryctolagus_cuniculus","10/10/2025 19:02","10/10/2025","19:02:41",43101,718.4,12,0.5,"D:/silwood/DSCF/Oryctolagus_cuniculus","04__2025-10-10__19-02-41(1).JPG",1,2025-10-10
229,68,"Oryctolagus_cuniculus","10/10/2025 22:23","10/10/2025","22:23:12",12031,200.5,3.3,0.1,"D:/silwood/DSCF/Oryctolagus_cuniculus","04__2025-10-10__22-23-12(1).JPG",3,2025-10-10
230,68,"Oryctolagus_cuniculus","11/10/2025 03:59","11/10/2025","03:59:23",20171,336.2,5.6,0.2,"D:/silwood/DSCF/Oryctolagus_cuniculus","04__2025-10-11__03-59-23(1).JPG",4,2025-10-11
231,68,"Oryctolagus_cuniculus","11/10/2025 04:49","11/10/2025","04:49:46",3023,50.4,0.8,0,"D:/silwood/DSCF/Oryctolagus_cuniculus","04__2025-10-11__04-49-46(1).JPG",2,2025-10-11
232,68,"Oryctolagus_cuniculus","12/10/2025 01:05","12/10/2025","01:05:45",72959,1216,20.3,0.8,"D:/silwood/DSCF/Oryctolagus_cuniculus","04__2025-10-12__01-05-45(1).JPG",2,2025-10-12
233,68,"Oryctolagus_cuniculus","12/10/2025 01:55","12/10/2025","01:55:08",2963,49.4,0.8,0,"D:/silwood/DSCF/Oryctolagus_cuniculus","04__2025-10-12__01-55-08(1).JPG",2,2025-10-12
234,68,"Oryctolagus_cuniculus","13/10/2025 22:26","13/10/2025","22:26:04",160256,2670.9,44.5,1.9,"D:/silwood/DSCF/Oryctolagus_cuniculus","04__2025-10-13__22-26-04(1).JPG",1,2025-10-13
235,68,"Oryctolagus_cuniculus","14/10/2025 02:39","14/10/2025","02:39:59",15235,253.9,4.2,0.2,"D:/silwood/DSCF/Oryctolagus_cuniculus","04__2025-10-14__02-39-59(1).JPG",3,2025-10-14
236,68,"Oryctolagus_cuniculus","14/10/2025 03:49","14/10/2025","03:49:52",4193,69.9,1.2,0,"D:/silwood/DSCF/Oryctolagus_cuniculus","04__2025-10-14__03-49-52(1).JPG",1,2025-10-14
237,68,"Oryctolagus_cuniculus","14/10/2025 04:34","14/10/2025","04:34:34",2682,44.7,0.7,0,"D:/silwood/DSCF/Oryctolagus_cuniculus","04__2025-10-14__04-34-34(1).JPG",3,2025-10-14
238,68,"Oryctolagus_cuniculus","15/10/2025 03:32","15/10/2025","03:32:34",82680,1378,23,1,"D:/silwood/DSCF/Oryctolagus_cuniculus","04__2025-10-15__03-32-34(1).JPG",1,2025-10-15
239,68,"Oryctolagus_cuniculus","15/10/2025 05:38","15/10/2025","05:38:46",7572,126.2,2.1,0.1,"D:/silwood/DSCF/Oryctolagus_cuniculus","04__2025-10-15__05-38-46(1).JPG",2,2025-10-15
240,68,"Oryctolagus_cuniculus","15/10/2025 20:24","15/10/2025","20:24:13",53127,885.5,14.8,0.6,"D:/silwood/DSCF/Oryctolagus_cuniculus","04__2025-10-15__20-24-13(1).JPG",2,2025-10-15
241,68,"Oryctolagus_cuniculus","16/10/2025 21:09","16/10/2025","21:09:54",89141,1485.7,24.8,1,"D:/silwood/DSCF/Oryctolagus_cuniculus","04__2025-10-16__21-09-54(1).JPG",2,2025-10-16
242,68,"Oryctolagus_cuniculus","16/10/2025 22:35","16/10/2025","22:35:14",5120,85.3,1.4,0.1,"D:/silwood/DSCF/Oryctolagus_cuniculus","04__2025-10-16__22-35-14(1).JPG",6,2025-10-16
243,68,"Oryctolagus_cuniculus","16/10/2025 23:17","16/10/2025","23:17:24",2530,42.2,0.7,0,"D:/silwood/DSCF/Oryctolagus_cuniculus","04__2025-10-16__23-17-24(1).JPG",6,2025-10-16
244,68,"Oryctolagus_cuniculus","17/10/2025 23:34","17/10/2025","23:34:37",87433,1457.2,24.3,1,"D:/silwood/DSCF/Oryctolagus_cuniculus","04__2025-10-17__23-34-37(1).JPG",1,2025-10-17
245,68,"Oryctolagus_cuniculus","19/10/2025 02:33","19/10/2025","02:33:58",97161,1619.3,27,1.1,"D:/silwood/DSCF/Oryctolagus_cuniculus","04__2025-10-19__02-33-58(1).JPG",5,2025-10-19
246,68,"Oryctolagus_cuniculus","20/10/2025 01:41","20/10/2025","01:41:45",83267,1387.8,23.1,1,"D:/silwood/DSCF/Oryctolagus_cuniculus","04__2025-10-20__01-41-45(1).JPG",8,2025-10-20
247,68,"Oryctolagus_cuniculus","20/10/2025 03:47","20/10/2025","03:47:23",7538,125.6,2.1,0.1,"D:/silwood/DSCF/Oryctolagus_cuniculus","04__2025-10-20__03-47-23(1).JPG",2,2025-10-20
248,68,"Oryctolagus_cuniculus","20/10/2025 05:15","20/10/2025","05:15:21",5278,88,1.5,0.1,"D:/silwood/DSCF/Oryctolagus_cuniculus","04__2025-10-20__05-15-21(1).JPG",1,2025-10-20
249,68,"Oryctolagus_cuniculus","21/10/2025 23:58","21/10/2025","23:58:15",153774,2562.9,42.7,1.8,"D:/silwood/DSCF/Oryctolagus_cuniculus","04__2025-10-21__23-58-15(1).JPG",3,2025-10-21
250,68,"Oryctolagus_cuniculus","22/10/2025 01:54","22/10/2025","01:54:35",6980,116.3,1.9,0.1,"D:/silwood/DSCF/Oryctolagus_cuniculus","04__2025-10-22__01-54-35(1).JPG",1,2025-10-22
251,68,"Oryctolagus_cuniculus","22/10/2025 02:43","22/10/2025","02:43:41",2946,49.1,0.8,0,"D:/silwood/DSCF/Oryctolagus_cuniculus","04__2025-10-22__02-43-41(1).JPG",4,2025-10-22
252,68,"Oryctolagus_cuniculus","22/10/2025 04:46","22/10/2025","04:46:10",7349,122.5,2,0.1,"D:/silwood/DSCF/Oryctolagus_cuniculus","04__2025-10-22__04-46-10(1).JPG",3,2025-10-22
253,68,"Oryctolagus_cuniculus","22/10/2025 06:06","22/10/2025","06:06:46",4836,80.6,1.3,0.1,"D:/silwood/DSCF/Oryctolagus_cuniculus","04__2025-10-22__06-06-46(1).JPG",2,2025-10-22
254,68,"Oryctolagus_cuniculus","24/10/2025 02:56","24/10/2025","02:56:12",161366,2689.4,44.8,1.9,"D:/silwood/DSCF/Oryctolagus_cuniculus","04__2025-10-24__02-56-12(1).JPG",3,2025-10-24
255,68,"Oryctolagus_cuniculus","24/10/2025 22:12","24/10/2025","22:12:08",69356,1155.9,19.3,0.8,"D:/silwood/DSCF/Oryctolagus_cuniculus","04__2025-10-24__22-12-08(1).JPG",1,2025-10-24
256,68,"Oryctolagus_cuniculus","25/10/2025 05:19","25/10/2025","05:19:13",25625,427.1,7.1,0.3,"D:/silwood/DSCF/Oryctolagus_cuniculus","04__2025-10-25__05-19-13(1).JPG",1,2025-10-25
257,68,"Oryctolagus_cuniculus","25/10/2025 19:10","25/10/2025","19:10:06",49853,830.9,13.8,0.6,"D:/silwood/DSCF/Oryctolagus_cuniculus","04__2025-10-25__19-10-06(1).JPG",1,2025-10-25
258,68,"Oryctolagus_cuniculus","25/10/2025 20:34","25/10/2025","20:34:40",5074,84.6,1.4,0.1,"D:/silwood/DSCF/Oryctolagus_cuniculus","04__2025-10-25__20-34-40(1).JPG",1,2025-10-25
259,68,"Oryctolagus_cuniculus","27/10/2025 05:30","27/10/2025","05:30:48",118568,1976.1,32.9,1.4,"D:/silwood/DSCF/Oryctolagus_cuniculus","04__2025-10-27__05-30-48(1).JPG",1,2025-10-27
260,68,"Oryctolagus_cuniculus","27/10/2025 07:00","27/10/2025","07:00:19",5371,89.5,1.5,0.1,"D:/silwood/DSCF/Oryctolagus_cuniculus","04__2025-10-27__07-00-19(2).JPG",1,2025-10-27
261,68,"Oryctolagus_cuniculus","29/10/2025 18:41","29/10/2025","18:41:59",214900,3581.7,59.7,2.5,"D:/silwood/DSCF/Oryctolagus_cuniculus","04__2025-10-29__18-41-59(1).JPG",1,2025-10-29
262,68,"Oryctolagus_cuniculus","29/10/2025 20:21","29/10/2025","20:21:24",5965,99.4,1.7,0.1,"D:/silwood/DSCF/Oryctolagus_cuniculus","04__2025-10-29__20-21-24(1).JPG",2,2025-10-29
263,68,"Oryctolagus_cuniculus","30/10/2025 01:18","30/10/2025","01:18:33",17829,297.1,5,0.2,"D:/silwood/DSCF/Oryctolagus_cuniculus","04__2025-10-30__01-18-33(2).JPG",1,2025-10-30
264,68,"Oryctolagus_cuniculus","30/10/2025 04:04","30/10/2025","04:04:51",9978,166.3,2.8,0.1,"D:/silwood/DSCF/Oryctolagus_cuniculus","04__2025-10-30__04-04-51(1).JPG",1,2025-10-30
265,68,"Oryctolagus_cuniculus","30/10/2025 04:43","30/10/2025","04:43:06",2295,38.2,0.6,0,"D:/silwood/DSCF/Oryctolagus_cuniculus","04__2025-10-30__04-43-06(1).JPG",3,2025-10-30
266,68,"Oryctolagus_cuniculus","30/10/2025 05:17","30/10/2025","05:17:42",2076,34.6,0.6,0,"D:/silwood/DSCF/Oryctolagus_cuniculus","04__2025-10-30__05-17-42(1).JPG",2,2025-10-30
267,68,"Oryctolagus_cuniculus","30/10/2025 06:06","30/10/2025","06:06:00",2898,48.3,0.8,0,"D:/silwood/DSCF/Oryctolagus_cuniculus","04__2025-10-30__06-06-00(1).JPG",1,2025-10-30
268,68,"Oryctolagus_cuniculus","30/10/2025 07:26","30/10/2025","07:26:16",4816,80.3,1.3,0.1,"D:/silwood/DSCF/Oryctolagus_cuniculus","04__2025-10-30__07-26-16(1).JPG",1,2025-10-30
269,68,"Oryctolagus_cuniculus","30/10/2025 18:37","30/10/2025","18:37:03",40247,670.8,11.2,0.5,"D:/silwood/DSCF/Oryctolagus_cuniculus","04__2025-10-30__18-37-03(1).JPG",2,2025-10-30
270,68,"Oryctolagus_cuniculus","30/10/2025 19:25","30/10/2025","19:25:27",2904,48.4,0.8,0,"D:/silwood/DSCF/Oryctolagus_cuniculus","04__2025-10-30__19-25-27(1).JPG",1,2025-10-30
271,68,"Oryctolagus_cuniculus","30/10/2025 20:57","30/10/2025","20:57:43",5536,92.3,1.5,0.1,"D:/silwood/DSCF/Oryctolagus_cuniculus","04__2025-10-30__20-57-43(1).JPG",1,2025-10-30
272,68,"Oryctolagus_cuniculus","01/11/2025 22:54","01/11/2025","22:54:11",179788,2996.5,49.9,2.1,"D:/silwood/DSCF/Oryctolagus_cuniculus","04__2025-11-01__22-54-11(1).JPG",1,2025-11-01
273,68,"Oryctolagus_cuniculus","01/11/2025 23:42","01/11/2025","23:42:14",2883,48,0.8,0,"D:/silwood/DSCF/Oryctolagus_cuniculus","04__2025-11-01__23-42-14(1).JPG",1,2025-11-01
274,68,"Oryctolagus_cuniculus","02/11/2025 00:43","02/11/2025","00:43:15",3661,61,1,0,"D:/silwood/DSCF/Oryctolagus_cuniculus","04__2025-11-02__00-43-15(1).JPG",9,2025-11-02
275,68,"Oryctolagus_cuniculus","02/11/2025 04:12","02/11/2025","04:12:51",12576,209.6,3.5,0.1,"D:/silwood/DSCF/Oryctolagus_cuniculus","04__2025-11-02__04-12-51(1).JPG",3,2025-11-02
276,68,"Oryctolagus_cuniculus","02/11/2025 04:48","02/11/2025","04:48:16",2125,35.4,0.6,0,"D:/silwood/DSCF/Oryctolagus_cuniculus","04__2025-11-02__04-48-16(1).JPG",1,2025-11-02
277,68,"Oryctolagus_cuniculus","02/11/2025 18:37","02/11/2025","18:37:08",49732,828.9,13.8,0.6,"D:/silwood/DSCF/Oryctolagus_cuniculus","04__2025-11-02__18-37-08(1).JPG",4,2025-11-02
278,68,"Oryctolagus_cuniculus","03/11/2025 02:43","03/11/2025","02:43:24",29176,486.3,8.1,0.3,"D:/silwood/DSCF/Oryctolagus_cuniculus","04__2025-11-03__02-43-24(1).JPG",2,2025-11-03
279,68,"Oryctolagus_cuniculus","03/11/2025 19:37","03/11/2025","19:37:28",60844,1014.1,16.9,0.7,"D:/silwood/DSCF/Oryctolagus_cuniculus","04__2025-11-03__19-37-28(1).JPG",3,2025-11-03
280,68,"Oryctolagus_cuniculus","04/11/2025 04:04","04/11/2025","04:04:16",30408,506.8,8.4,0.4,"D:/silwood/DSCF/Oryctolagus_cuniculus","04__2025-11-04__04-04-16(1).JPG",1,2025-11-04
281,68,"Oryctolagus_cuniculus","04/11/2025 18:35","04/11/2025","18:35:19",52263,871,14.5,0.6,"D:/silwood/DSCF/Oryctolagus_cuniculus","04__2025-11-04__18-35-19(1).JPG",1,2025-11-04
282,68,"Oryctolagus_cuniculus","05/11/2025 02:55","05/11/2025","02:55:37",30018,500.3,8.3,0.3,"D:/silwood/DSCF/Oryctolagus_cuniculus","04__2025-11-05__02-55-37(1).JPG",2,2025-11-05
283,68,"Oryctolagus_cuniculus","05/11/2025 06:55","05/11/2025","06:55:19",14382,239.7,4,0.2,"D:/silwood/DSCF/Oryctolagus_cuniculus","04__2025-11-05__06-55-19(2).JPG",1,2025-11-05
284,68,"Oryctolagus_cuniculus","07/11/2025 06:53","07/11/2025","06:53:07",172668,2877.8,48,2,"D:/silwood/DSCF/Oryctolagus_cuniculus","04__2025-11-07__06-53-07(1).JPG",1,2025-11-07
285,68,"Oryctolagus_cuniculus","08/11/2025 04:26","08/11/2025","04:26:41",77614,1293.6,21.6,0.9,"D:/silwood/DSCF/Oryctolagus_cuniculus","04__2025-11-08__04-26-41(1).JPG",2,2025-11-08
286,68,"Oryctolagus_cuniculus","08/11/2025 07:29","08/11/2025","07:29:23",10962,182.7,3,0.1,"D:/silwood/DSCF/Oryctolagus_cuniculus","04__2025-11-08__07-29-23(1).JPG",2,2025-11-08
287,68,"Oryctolagus_cuniculus","08/11/2025 20:15","08/11/2025","20:15:16",45953,765.9,12.8,0.5,"D:/silwood/DSCF/Oryctolagus_cuniculus","04__2025-11-08__20-15-16(1).JPG",1,2025-11-08
288,68,"Oryctolagus_cuniculus","08/11/2025 23:43","08/11/2025","23:43:38",12502,208.4,3.5,0.1,"D:/silwood/DSCF/Oryctolagus_cuniculus","04__2025-11-08__23-43-38(1).JPG",1,2025-11-08
289,68,"Oryctolagus_cuniculus","09/11/2025 03:26","09/11/2025","03:26:28",13370,222.8,3.7,0.2,"D:/silwood/DSCF/Oryctolagus_cuniculus","04__2025-11-09__03-26-28(1).JPG",1,2025-11-09
290,68,"Oryctolagus_cuniculus","09/11/2025 07:21","09/11/2025","07:21:49",14121,235.3,3.9,0.2,"D:/silwood/DSCF/Oryctolagus_cuniculus","04__2025-11-09__07-21-49(1).JPG",3,2025-11-09
291,68,"Oryctolagus_cuniculus","11/11/2025 01:12","11/11/2025","01:12:23",150634,2510.6,41.8,1.7,"D:/silwood/DSCF/Oryctolagus_cuniculus","04__2025-11-11__01-12-23(1).JPG",2,2025-11-11
292,68,"Oryctolagus_cuniculus","11/11/2025 03:09","11/11/2025","03:09:25",7022,117,2,0.1,"D:/silwood/DSCF/Oryctolagus_cuniculus","04__2025-11-11__03-09-25(1).JPG",2,2025-11-11
293,68,"Oryctolagus_cuniculus","11/11/2025 05:55","11/11/2025","05:55:07",9942,165.7,2.8,0.1,"D:/silwood/DSCF/Oryctolagus_cuniculus","04__2025-11-11__05-55-07(1).JPG",2,2025-11-11
294,68,"Oryctolagus_cuniculus","11/11/2025 19:27","11/11/2025","19:27:49",48762,812.7,13.5,0.6,"D:/silwood/DSCF/Oryctolagus_cuniculus","04__2025-11-11__19-27-49(1).JPG",2,2025-11-11
295,68,"Oryctolagus_cuniculus","12/11/2025 03:59","12/11/2025","03:59:25",30696,511.6,8.5,0.4,"D:/silwood/DSCF/Oryctolagus_cuniculus","04__2025-11-12__03-59-25(1).JPG",1,2025-11-12
296,68,"Oryctolagus_cuniculus","12/11/2025 19:05","12/11/2025","19:05:00",54335,905.6,15.1,0.6,"D:/silwood/DSCF/Oryctolagus_cuniculus","04__2025-11-12__19-05-00(1).JPG",1,2025-11-12
297,68,"Oryctolagus_cuniculus","12/11/2025 21:10","12/11/2025","21:10:46",7546,125.8,2.1,0.1,"D:/silwood/DSCF/Oryctolagus_cuniculus","04__2025-11-12__21-10-46(1).JPG",1,2025-11-12
298,68,"Oryctolagus_cuniculus","13/11/2025 02:12","13/11/2025","02:12:06",18080,301.3,5,0.2,"D:/silwood/DSCF/Oryctolagus_cuniculus","04__2025-11-13__02-12-06(1).JPG",4,2025-11-13
299,68,"Oryctolagus_cuniculus","13/11/2025 07:23","13/11/2025","07:23:18",18672,311.2,5.2,0.2,"D:/silwood/DSCF/Oryctolagus_cuniculus","04__2025-11-13__07-23-18(1).JPG",2,2025-11-13
300,68,"Oryctolagus_cuniculus","14/11/2025 01:43","14/11/2025","01:43:32",66014,1100.2,18.3,0.8,"D:/silwood/DSCF/Oryctolagus_cuniculus","04__2025-11-14__01-43-32(1).JPG",2,2025-11-14
301,68,"Oryctolagus_cuniculus","14/11/2025 04:03","14/11/2025","04:03:32",8400,140,2.3,0.1,"D:/silwood/DSCF/Oryctolagus_cuniculus","04__2025-11-14__04-03-32(1).JPG",1,2025-11-14
302,68,"Oryctolagus_cuniculus","15/11/2025 07:41","15/11/2025","07:41:47",99495,1658.2,27.6,1.2,"D:/silwood/DSCF/Oryctolagus_cuniculus","04__2025-11-15__07-41-47(1).JPG",1,2025-11-15
303,68,"Oryctolagus_cuniculus","15/11/2025 18:12","15/11/2025","18:12:16",37829,630.5,10.5,0.4,"D:/silwood/DSCF/Oryctolagus_cuniculus","04__2025-11-15__18-12-16(1).JPG",1,2025-11-15
304,68,"Oryctolagus_cuniculus","16/11/2025 04:17","16/11/2025","04:17:01",36285,604.8,10.1,0.4,"D:/silwood/DSCF/Oryctolagus_cuniculus","04__2025-11-16__04-17-01(1).JPG",1,2025-11-16
305,68,"Oryctolagus_cuniculus","16/11/2025 05:29","16/11/2025","05:29:49",4368,72.8,1.2,0,"D:/silwood/DSCF/Oryctolagus_cuniculus","04__2025-11-16__05-29-49(1).JPG",1,2025-11-16
306,68,"Oryctolagus_cuniculus","18/11/2025 02:14","18/11/2025","02:14:08",161059,2684.3,44.7,1.9,"D:/silwood/DSCF/Oryctolagus_cuniculus","04__2025-11-18__02-14-08(1).JPG",1,2025-11-18
307,68,"Oryctolagus_cuniculus","18/11/2025 07:44","18/11/2025","07:44:55",19847,330.8,5.5,0.2,"D:/silwood/DSCF/Oryctolagus_cuniculus","04__2025-11-18__07-44-55(1).JPG",2,2025-11-18
308,68,"Oryctolagus_cuniculus","19/11/2025 20:59","19/11/2025","20:59:20",134065,2234.4,37.2,1.6,"D:/silwood/DSCF/Oryctolagus_cuniculus","04__2025-11-19__20-59-20(2).JPG",1,2025-11-19
309,68,"Oryctolagus_cuniculus","20/11/2025 03:27","20/11/2025","03:27:11",23271,387.9,6.5,0.3,"D:/silwood/DSCF/Oryctolagus_cuniculus","04__2025-11-20__03-27-11(1).JPG",1,2025-11-20
310,68,"Oryctolagus_cuniculus","21/11/2025 05:32","21/11/2025","05:32:12",93901,1565,26.1,1.1,"D:/silwood/DSCF/Oryctolagus_cuniculus","04__2025-11-21__05-32-12(1).JPG",1,2025-11-21
311,68,"Oryctolagus_cuniculus","21/11/2025 17:56","21/11/2025","17:56:25",44653,744.2,12.4,0.5,"D:/silwood/DSCF/Oryctolagus_cuniculus","04__2025-11-21__17-56-25(1).JPG",2,2025-11-21
312,68,"Oryctolagus_cuniculus","21/11/2025 23:45","21/11/2025","23:45:40",20955,349.2,5.8,0.2,"D:/silwood/DSCF/Oryctolagus_cuniculus","04__2025-11-21__23-45-40(1).JPG",2,2025-11-21
313,68,"Oryctolagus_cuniculus","22/11/2025 05:42","22/11/2025","05:42:53",21433,357.2,6,0.2,"D:/silwood/DSCF/Oryctolagus_cuniculus","04__2025-11-22__05-42-53(1).JPG",1,2025-11-22
314,68,"Oryctolagus_cuniculus","23/11/2025 00:42","23/11/2025","00:42:24",68371,1139.5,19,0.8,"D:/silwood/DSCF/Oryctolagus_cuniculus","04__2025-11-23__00-42-24(1).JPG",2,2025-11-23
315,68,"Oryctolagus_cuniculus","23/11/2025 01:26","23/11/2025","01:26:45",2661,44.4,0.7,0,"D:/silwood/DSCF/Oryctolagus_cuniculus","04__2025-11-23__01-26-45(1).JPG",1,2025-11-23
316,68,"Phasianus_colchicus","01/11/2025 16:57","01/11/2025","16:57:46",0,0,0,0,"D:/silwood/DSCF/Phasianus_colchicus","04__2025-11-01__16-57-46(1).JPG",3,2025-11-01
317,68,"Sciurus_carolinensis","09/10/2025 08:09","09/10/2025","08:09:58",0,0,0,0,"D:/silwood/DSCF/Sciurus_carolinensis","04__2025-10-09__08-09-58(1).JPG",2,2025-10-09
318,68,"Sciurus_carolinensis","12/10/2025 15:49","12/10/2025","15:49:56",286798,4780,79.7,3.3,"D:/silwood/DSCF/Sciurus_carolinensis","04__2025-10-12__15-49-56(1).JPG",1,2025-10-12
319,68,"Sciurus_carolinensis","20/10/2025 17:01","20/10/2025","17:01:09",695473,11591.2,193.2,8,"D:/silwood/DSCF/Sciurus_carolinensis","04__2025-10-20__17-01-09(1).JPG",1,2025-10-20
320,68,"Sciurus_carolinensis","22/10/2025 13:55","22/10/2025","13:55:16",161647,2694.1,44.9,1.9,"D:/silwood/DSCF/Sciurus_carolinensis","04__2025-10-22__13-55-16(1).JPG",1,2025-10-22
321,68,"Sciurus_carolinensis","24/10/2025 07:52","24/10/2025","07:52:33",151037,2517.3,42,1.8,"D:/silwood/DSCF/Sciurus_carolinensis","04__2025-10-24__07-52-33(2).JPG",2,2025-10-24
322,68,"Sciurus_carolinensis","30/10/2025 10:47","30/10/2025","10:47:21",528888,8814.8,146.9,6.1,"D:/silwood/DSCF/Sciurus_carolinensis","04__2025-10-30__10-47-21(1).JPG",5,2025-10-30
323,68,"Sciurus_carolinensis","31/10/2025 08:40","31/10/2025","08:40:39",78798,1313.3,21.9,0.9,"D:/silwood/DSCF/Sciurus_carolinensis","04__2025-10-31__08-40-39(1).JPG",2,2025-10-31
324,68,"Sciurus_carolinensis","02/11/2025 10:09","02/11/2025","10:09:51",178152,2969.2,49.5,2.1,"D:/silwood/DSCF/Sciurus_carolinensis","04__2025-11-02__10-09-51(1).JPG",3,2025-11-02
325,68,"Sciurus_carolinensis","04/11/2025 17:36","04/11/2025","17:36:09",199578,3326.3,55.4,2.3,"D:/silwood/DSCF/Sciurus_carolinensis","04__2025-11-04__17-36-09(1).JPG",2,2025-11-04
326,68,"Sciurus_carolinensis","06/11/2025 14:59","06/11/2025","14:59:19",163390,2723.2,45.4,1.9,"D:/silwood/DSCF/Sciurus_carolinensis","04__2025-11-06__14-59-19(1).JPG",1,2025-11-06
327,68,"Sciurus_carolinensis","08/11/2025 08:47","08/11/2025","08:47:21",150482,2508,41.8,1.7,"D:/silwood/DSCF/Sciurus_carolinensis","04__2025-11-08__08-47-21(1).JPG",1,2025-11-08
328,68,"Sciurus_carolinensis","08/11/2025 17:16","08/11/2025","17:16:40",30559,509.3,8.5,0.4,"D:/silwood/DSCF/Sciurus_carolinensis","04__2025-11-08__17-16-40(1).JPG",1,2025-11-08
329,68,"Sciurus_carolinensis","12/11/2025 08:28","12/11/2025","08:28:43",313923,5232,87.2,3.6,"D:/silwood/DSCF/Sciurus_carolinensis","04__2025-11-12__08-28-43(1).JPG",3,2025-11-12
330,68,"Sciurus_carolinensis","13/11/2025 08:18","13/11/2025","08:18:34",85791,1429.8,23.8,1,"D:/silwood/DSCF/Sciurus_carolinensis","04__2025-11-13__08-18-34(1).JPG",1,2025-11-13
331,68,"Sciurus_carolinensis","13/11/2025 09:59","13/11/2025","09:59:12",6038,100.6,1.7,0.1,"D:/silwood/DSCF/Sciurus_carolinensis","04__2025-11-13__09-59-12(1).JPG",2,2025-11-13
332,68,"Sciurus_carolinensis","13/11/2025 13:57","13/11/2025","13:57:01",14269,237.8,4,0.2,"D:/silwood/DSCF/Sciurus_carolinensis","04__2025-11-13__13-57-01(1).JPG",2,2025-11-13
333,68,"Sciurus_carolinensis","13/11/2025 15:29","13/11/2025","15:29:18",5537,92.3,1.5,0.1,"D:/silwood/DSCF/Sciurus_carolinensis","04__2025-11-13__15-29-18(1).JPG",3,2025-11-13
334,68,"Sciurus_carolinensis","15/11/2025 08:16","15/11/2025","08:16:16",146818,2447,40.8,1.7,"D:/silwood/DSCF/Sciurus_carolinensis","04__2025-11-15__08-16-16(1).JPG",2,2025-11-15
335,68,"Sciurus_carolinensis","17/11/2025 16:39","17/11/2025","16:39:40",203004,3383.4,56.4,2.4,"D:/silwood/DSCF/Sciurus_carolinensis","04__2025-11-17__16-39-40(1) copy.JPG",5,2025-11-17
336,68,"Sciurus_carolinensis","21/11/2025 14:50","21/11/2025","14:50:43",339063,5651,94.2,3.9,"D:/silwood/DSCF/Sciurus_carolinensis","04__2025-11-21__14-50-43(1).JPG",4,2025-11-21
337,68,"Sciurus_carolinensis","21/11/2025 15:31","21/11/2025","15:31:54",2471,41.2,0.7,0,"D:/silwood/DSCF/Sciurus_carolinensis","04__2025-11-21__15-31-54(1).JPG",1,2025-11-21
338,68,"Sciurus_carolinensis","21/11/2025 17:15","21/11/2025","17:15:56",6242,104,1.7,0.1,"D:/silwood/DSCF/Sciurus_carolinensis","04__2025-11-21__17-15-56(1).JPG",2,2025-11-21
339,68,"Vulpes_vulpes","09/10/2025 06:55","09/10/2025","06:55:41",0,0,0,0,"D:/silwood/DSCF/Vulpes_vulpes","04__2025-10-09__06-55-41(1).JPG",2,2025-10-09
340,68,"Vulpes_vulpes","10/10/2025 02:36","10/10/2025","02:36:38",70857,1181,19.7,0.8,"D:/silwood/DSCF/Vulpes_vulpes","04__2025-10-10__02-36-38(1).JPG",1,2025-10-10
341,68,"Vulpes_vulpes","12/10/2025 21:04","12/10/2025","21:04:24",239266,3987.8,66.5,2.8,"D:/silwood/DSCF/Vulpes_vulpes","04__2025-10-12__21-04-24(1).JPG",1,2025-10-12
342,68,"Vulpes_vulpes","13/10/2025 07:00","13/10/2025","07:00:12",35748,595.8,9.9,0.4,"D:/silwood/DSCF/Vulpes_vulpes","04__2025-10-13__07-00-12(1).JPG",1,2025-10-13
343,68,"Vulpes_vulpes","13/10/2025 18:49","13/10/2025","18:49:43",42571,709.5,11.8,0.5,"D:/silwood/DSCF/Vulpes_vulpes","04__2025-10-13__18-49-43(1).JPG",2,2025-10-13
344,68,"Vulpes_vulpes","14/10/2025 18:46","14/10/2025","18:46:19",86196,1436.6,23.9,1,"D:/silwood/DSCF/Vulpes_vulpes","04__2025-10-14__18-46-19(1).JPG",2,2025-10-14
345,68,"Vulpes_vulpes","15/10/2025 06:58","15/10/2025","06:58:38",43939,732.3,12.2,0.5,"D:/silwood/DSCF/Vulpes_vulpes","04__2025-10-15__06-58-38(1).JPG",1,2025-10-15
346,68,"Vulpes_vulpes","15/10/2025 07:33","15/10/2025","07:33:17",2079,34.6,0.6,0,"D:/silwood/DSCF/Vulpes_vulpes","04__2025-10-15__07-33-17(1).JPG",1,2025-10-15
347,68,"Vulpes_vulpes","15/10/2025 18:49","15/10/2025","18:49:29",40572,676.2,11.3,0.5,"D:/silwood/DSCF/Vulpes_vulpes","04__2025-10-15__18-49-29(1).JPG",2,2025-10-15
348,68,"Vulpes_vulpes","16/10/2025 19:55","16/10/2025","19:55:07",90338,1505.6,25.1,1,"D:/silwood/DSCF/Vulpes_vulpes","04__2025-10-16__19-55-07(1).JPG",2,2025-10-16
349,68,"Vulpes_vulpes","17/10/2025 05:31","17/10/2025","05:31:56",34609,576.8,9.6,0.4,"D:/silwood/DSCF/Vulpes_vulpes","04__2025-10-17__05-31-56(1).JPG",1,2025-10-17
350,68,"Vulpes_vulpes","17/10/2025 18:42","17/10/2025","18:42:40",47444,790.7,13.2,0.5,"D:/silwood/DSCF/Vulpes_vulpes","04__2025-10-17__18-42-40(1).JPG",2,2025-10-17
351,68,"Vulpes_vulpes","20/10/2025 03:33","20/10/2025","03:33:44",204664,3411.1,56.9,2.4,"D:/silwood/DSCF/Vulpes_vulpes","04__2025-10-20__03-33-44(1).JPG",1,2025-10-20
352,68,"Vulpes_vulpes","20/10/2025 06:52","20/10/2025","06:52:11",11907,198.4,3.3,0.1,"D:/silwood/DSCF/Vulpes_vulpes","04__2025-10-20__06-52-11(1).JPG",1,2025-10-20
353,68,"Vulpes_vulpes","21/10/2025 07:00","21/10/2025","07:00:19",86888,1448.1,24.1,1,"D:/silwood/DSCF/Vulpes_vulpes","04__2025-10-21__07-00-19(1).JPG",2,2025-10-21
354,68,"Vulpes_vulpes","24/10/2025 18:45","24/10/2025","18:45:35",301516,5025.3,83.8,3.5,"D:/silwood/DSCF/Vulpes_vulpes","04__2025-10-24__18-45-35(1).JPG",1,2025-10-24
355,68,"Vulpes_vulpes","25/10/2025 19:24","25/10/2025","19:24:52",88757,1479.3,24.7,1,"D:/silwood/DSCF/Vulpes_vulpes","04__2025-10-25__19-24-52(1).JPG",2,2025-10-25
356,68,"Vulpes_vulpes","30/10/2025 18:42","30/10/2025","18:42:06",429434,7157.2,119.3,5,"D:/silwood/DSCF/Vulpes_vulpes","04__2025-10-30__18-42-06(1).JPG",2,2025-10-30
357,68,"Vulpes_vulpes","30/10/2025 23:46","30/10/2025","23:46:34",18268,304.5,5.1,0.2,"D:/silwood/DSCF/Vulpes_vulpes","04__2025-10-30__23-46-34(2).JPG",2,2025-10-30
358,68,"Vulpes_vulpes","31/10/2025 08:50","31/10/2025","08:50:28",32634,543.9,9.1,0.4,"D:/silwood/DSCF/Vulpes_vulpes","04__2025-10-31__08-50-28(1).JPG",2,2025-10-31
359,68,"Vulpes_vulpes","31/10/2025 09:21","31/10/2025","09:21:15",1847,30.8,0.5,0,"D:/silwood/DSCF/Vulpes_vulpes","04__2025-10-31__09-21-15(1).JPG",1,2025-10-31
360,68,"Vulpes_vulpes","31/10/2025 20:12","31/10/2025","20:12:33",39078,651.3,10.9,0.5,"D:/silwood/DSCF/Vulpes_vulpes","04__2025-10-31__20-12-33(1).JPG",1,2025-10-31
361,68,"Vulpes_vulpes","02/11/2025 05:47","02/11/2025","05:47:51",120918,2015.3,33.6,1.4,"D:/silwood/DSCF/Vulpes_vulpes","04__2025-11-02__05-47-51(1).JPG",1,2025-11-02
362,68,"Vulpes_vulpes","06/11/2025 18:01","06/11/2025","18:01:46",389635,6493.9,108.2,4.5,"D:/silwood/DSCF/Vulpes_vulpes","04__2025-11-06__18-01-46(1).JPG",1,2025-11-06
363,68,"Vulpes_vulpes","18/11/2025 07:31","18/11/2025","07:31:46",999000,16650,277.5,11.6,"D:/silwood/DSCF/Vulpes_vulpes","04__2025-11-18__07-31-46(1).JPG",1,2025-11-18
364,68,"Vulpes_vulpes","20/11/2025 05:18","20/11/2025","05:18:34",164808,2746.8,45.8,1.9,"D:/silwood/DSCF/Vulpes_vulpes","04__2025-11-20__05-18-34(1).JPG",1,2025-11-20
1,16,"Muntiacus_reevesi","09/10/2025 06:37","09/10/2025","06:37:00",0,0,0,0,"D:/Users/lenovo/Desktop/subset_01_renamed/camera_05_16_2025/Muntiacus_reevesi","camera_05_16_2025__2025-10-09__06-37-00(1).JPG",2,2025-10-09
2,16,"Muntiacus_reevesi","09/10/2025 07:17","09/10/2025","07:17:05",2405,40.1,0.7,0,"D:/Users/lenovo/Desktop/subset_01_renamed/camera_05_16_2025/Muntiacus_reevesi","camera_05_16_2025__2025-10-09__07-17-05(1).JPG",2,2025-10-09
3,16,"Muntiacus_reevesi","10/10/2025 07:39","10/10/2025","07:39:14",87729,1462.2,24.4,1,"D:/Users/lenovo/Desktop/subset_01_renamed/camera_05_16_2025/Muntiacus_reevesi","camera_05_16_2025__2025-10-10__07-39-14(1).JPG",1,2025-10-10
4,16,"Sciurus_carolinensis","10/10/2025 16:36","10/10/2025","16:36:20",0,0,0,0,"D:/Users/lenovo/Desktop/subset_01_renamed/camera_05_16_2025/Sciurus_carolinensis","camera_05_16_2025__2025-10-10__16-36-20(1).JPG",1,2025-10-10
5,16,"Muntiacus_reevesi","11/10/2025 09:08","11/10/2025","09:08:45",91771,1529.5,25.5,1.1,"D:/Users/lenovo/Desktop/subset_01_renamed/camera_05_16_2025/Muntiacus_reevesi","camera_05_16_2025__2025-10-11__09-08-45(3).JPG",2,2025-10-11
6,16,"Sciurus_carolinensis","11/10/2025 11:40","11/10/2025","11:40:46",68666,1144.4,19.1,0.8,"D:/Users/lenovo/Desktop/subset_01_renamed/camera_05_16_2025/Sciurus_carolinensis","camera_05_16_2025__2025-10-11__11-40-46(1).JPG",4,2025-10-11
7,16,"Muntiacus_reevesi","11/10/2025 14:07","11/10/2025","14:07:45",17940,299,5,0.2,"D:/Users/lenovo/Desktop/subset_01_renamed/camera_05_16_2025/Muntiacus_reevesi","camera_05_16_2025__2025-10-11__14-07-45(1).JPG",1,2025-10-11
8,16,"Muntiacus_reevesi","14/10/2025 08:23","14/10/2025","08:23:18",238533,3975.6,66.3,2.8,"D:/Users/lenovo/Desktop/subset_01_renamed/camera_05_16_2025/Muntiacus_reevesi","camera_05_16_2025__2025-10-14__08-23-18(2).JPG",1,2025-10-14
9,16,"Sciurus_carolinensis","14/10/2025 13:02","14/10/2025","13:02:05",264079,4401.3,73.4,3.1,"D:/Users/lenovo/Desktop/subset_01_renamed/camera_05_16_2025/Sciurus_carolinensis","camera_05_16_2025__2025-10-14__13-02-05(1).JPG",1,2025-10-14
10,16,"Sciurus_carolinensis","14/10/2025 16:32","14/10/2025","16:32:46",12641,210.7,3.5,0.1,"D:/Users/lenovo/Desktop/subset_01_renamed/camera_05_16_2025/Sciurus_carolinensis","camera_05_16_2025__2025-10-14__16-32-46(1).JPG",1,2025-10-14
11,16,"Muntiacus_reevesi","15/10/2025 16:50","15/10/2025","16:50:15",116817,1947,32.5,1.4,"D:/Users/lenovo/Desktop/subset_01_renamed/camera_05_16_2025/Muntiacus_reevesi","camera_05_16_2025__2025-10-15__16-50-15(1).JPG",1,2025-10-15
12,16,"Sciurus_carolinensis","15/10/2025 17:16","15/10/2025","17:16:18",89012,1483.5,24.7,1,"D:/Users/lenovo/Desktop/subset_01_renamed/camera_05_16_2025/Sciurus_carolinensis","camera_05_16_2025__2025-10-15__17-16-18(1).JPG",1,2025-10-15
13,16,"Sciurus_carolinensis","16/10/2025 12:41","16/10/2025","12:41:38",69920,1165.3,19.4,0.8,"D:/Users/lenovo/Desktop/subset_01_renamed/camera_05_16_2025/Sciurus_carolinensis","camera_05_16_2025__2025-10-16__12-41-38(3).JPG",1,2025-10-16
14,16,"Muntiacus_reevesi","17/10/2025 15:44","17/10/2025","15:44:36",168861,2814.3,46.9,2,"D:/Users/lenovo/Desktop/subset_01_renamed/camera_05_16_2025/Muntiacus_reevesi","camera_05_16_2025__2025-10-17__15-44-36(1).JPG",4,2025-10-17
15,16,"Muntiacus_reevesi","17/10/2025 23:14","17/10/2025","23:14:46",27010,450.2,7.5,0.3,"D:/Users/lenovo/Desktop/subset_01_renamed/camera_05_16_2025/Muntiacus_reevesi","camera_05_16_2025__2025-10-17__23-14-46(1).JPG",1,2025-10-17
16,16,"Muntiacus_reevesi","18/10/2025 07:40","18/10/2025","07:40:04",30318,505.3,8.4,0.4,"D:/Users/lenovo/Desktop/subset_01_renamed/camera_05_16_2025/Muntiacus_reevesi","camera_05_16_2025__2025-10-18__07-40-04(1).JPG",2,2025-10-18
17,16,"Muntiacus_reevesi","18/10/2025 18:25","18/10/2025","18:25:17",38713,645.2,10.8,0.4,"D:/Users/lenovo/Desktop/subset_01_renamed/camera_05_16_2025/Muntiacus_reevesi","camera_05_16_2025__2025-10-18__18-25-17(2).JPG",1,2025-10-18
18,16,"Sciurus_carolinensis","19/10/2025 09:36","19/10/2025","09:36:40",248102,4135,68.9,2.9,"D:/Users/lenovo/Desktop/subset_01_renamed/camera_05_16_2025/Sciurus_carolinensis","camera_05_16_2025__2025-10-19__09-36-40(1).JPG",1,2025-10-19
19,16,"Sciurus_carolinensis","22/10/2025 10:45","22/10/2025","10:45:51",263351,4389.2,73.2,3.1,"D:/Users/lenovo/Desktop/subset_01_renamed/camera_05_16_2025/Sciurus_carolinensis","camera_05_16_2025__2025-10-22__10-45-51(1).JPG",1,2025-10-22
20,16,"Sciurus_carolinensis","22/10/2025 16:40","22/10/2025","16:40:54",21303,355,5.9,0.2,"D:/Users/lenovo/Desktop/subset_01_renamed/camera_05_16_2025/Sciurus_carolinensis","camera_05_16_2025__2025-10-22__16-40-54(1).JPG",1,2025-10-22
21,16,"Muntiacus_reevesi","23/10/2025 11:33","23/10/2025","11:33:59",407322,6788.7,113.1,4.7,"D:/Users/lenovo/Desktop/subset_01_renamed/camera_05_16_2025/Muntiacus_reevesi","camera_05_16_2025__2025-10-23__11-33-59(1).JPG",2,2025-10-23
22,16,"Muntiacus_reevesi","23/10/2025 12:39","23/10/2025","12:39:34",3935,65.6,1.1,0,"D:/Users/lenovo/Desktop/subset_01_renamed/camera_05_16_2025/Muntiacus_reevesi","camera_05_16_2025__2025-10-23__12-39-34(1).JPG",5,2025-10-23
23,16,"Sciurus_carolinensis","23/10/2025 12:46","23/10/2025","12:46:43",72349,1205.8,20.1,0.8,"D:/Users/lenovo/Desktop/subset_01_renamed/camera_05_16_2025/Sciurus_carolinensis","camera_05_16_2025__2025-10-23__12-46-43(1).JPG",3,2025-10-23
24,16,"Muntiacus_reevesi","23/10/2025 14:40","23/10/2025","14:40:56",0,0,0,0,"/Users/ahmetselimesmer/Desktop/sensor_data/CRdata/Species/Muntiacus_reevesi","2MM07156__2025-10-23__14-40-56(3).JPG",2,2025-10-23
25,16,"Muntiacus_reevesi","23/10/2025 15:25","23/10/2025","15:25:21",2665,44.4,0.7,0,"/Users/ahmetselimesmer/Desktop/sensor_data/CRdata/Species/Muntiacus_reevesi","2MM07156__2025-10-23__15-25-21(3).JPG",1,2025-10-23
26,16,"Muntiacus_reevesi","24/10/2025 00:46","24/10/2025","00:46:41",33680,561.3,9.4,0.4,"/Users/ahmetselimesmer/Desktop/sensor_data/CRdata/Species/Muntiacus_reevesi","2MM07156__2025-10-24__00-46-41(1).JPG",1,2025-10-24
27,16,"Muntiacus_reevesi","24/10/2025 08:32","24/10/2025","08:32:01",27920,465.3,7.8,0.3,"/Users/ahmetselimesmer/Desktop/sensor_data/CRdata/Species/Muntiacus_reevesi","2MM07156__2025-10-24__08-32-01(1).JPG",1,2025-10-24
28,16,"Muntiacus_reevesi","24/10/2025 17:16","24/10/2025","17:16:23",31462,524.4,8.7,0.4,"/Users/ahmetselimesmer/Desktop/sensor_data/CRdata/Species/Muntiacus_reevesi","2MM07156__2025-10-24__17-16-23(1).JPG",2,2025-10-24
29,16,"Muntiacus_reevesi","24/10/2025 17:58","24/10/2025","17:58:13",2510,41.8,0.7,0,"/Users/ahmetselimesmer/Desktop/sensor_data/CRdata/Species/Muntiacus_reevesi","2MM07156__2025-10-24__17-58-13(3).JPG",1,2025-10-24
30,16,"Muntiacus_reevesi","24/10/2025 19:44","24/10/2025","19:44:46",6393,106.6,1.8,0.1,"/Users/ahmetselimesmer/Desktop/sensor_data/CRdata/Species/Muntiacus_reevesi","2MM07156__2025-10-24__19-44-46(3).JPG",1,2025-10-24
31,16,"Muntiacus_reevesi","25/10/2025 05:40","25/10/2025","05:40:51",35765,596.1,9.9,0.4,"/Users/ahmetselimesmer/Desktop/sensor_data/CRdata/Species/Muntiacus_reevesi","2MM07156__2025-10-25__05-40-51(1).JPG",2,2025-10-25
32,16,"Muntiacus_reevesi","25/10/2025 16:40","25/10/2025","16:40:12",39561,659.4,11,0.5,"/Users/ahmetselimesmer/Desktop/sensor_data/CRdata/Species/Muntiacus_reevesi","2MM07156__2025-10-25__16-40-12(1).JPG",2,2025-10-25
33,16,"Muntiacus_reevesi","25/10/2025 17:50","25/10/2025","17:50:12",4200,70,1.2,0,"/Users/ahmetselimesmer/Desktop/sensor_data/CRdata/Species/Muntiacus_reevesi","2MM07156__2025-10-25__17-50-12(1).JPG",4,2025-10-25
34,16,"Muntiacus_reevesi","26/10/2025 06:01","26/10/2025","06:01:20",43868,731.1,12.2,0.5,"/Users/ahmetselimesmer/Desktop/sensor_data/CRdata/Species/Muntiacus_reevesi","2MM07156__2025-10-26__06-01-20(1).JPG",4,2025-10-26
35,16,"Muntiacus_reevesi","26/10/2025 10:39","26/10/2025","10:39:30",16690,278.2,4.6,0.2,"/Users/ahmetselimesmer/Desktop/sensor_data/CRdata/Species/Muntiacus_reevesi","2MM07156__2025-10-26__10-39-30(1).JPG",2,2025-10-26
36,16,"Muntiacus_reevesi","27/10/2025 06:35","27/10/2025","06:35:34",71764,1196.1,19.9,0.8,"/Users/ahmetselimesmer/Desktop/sensor_data/CRdata/Species/Muntiacus_reevesi","2MM07156__2025-10-27__06-35-34(2).JPG",1,2025-10-27
37,16,"Sciurus_carolinensis","28/10/2025 10:17","28/10/2025","10:17:55",0,0,0,0,"/Users/ahmetselimesmer/Desktop/sensor_data/CRdata/Species/Sciurus_carolinensis","2MM07156__2025-10-28__10-17-55(2).JPG",1,2025-10-28
38,16,"Phasianus_colchicus","28/10/2025 10:59","28/10/2025","10:59:24",0,0,0,0,"/Users/ahmetselimesmer/Desktop/sensor_data/CRdata/Species/Phasianus_colchicus","2MM07156__2025-10-28__10-59-24(2).JPG",2,2025-10-28
39,16,"Muntiacus_reevesi","29/10/2025 08:34","29/10/2025","08:34:28",179934,2998.9,50,2.1,"/Users/ahmetselimesmer/Desktop/sensor_data/CRdata/Species/Muntiacus_reevesi","2MM07156__2025-10-29__08-34-28(3).JPG",1,2025-10-29
40,16,"Muntiacus_reevesi","29/10/2025 09:06","29/10/2025","09:06:12",1904,31.7,0.5,0,"/Users/ahmetselimesmer/Desktop/sensor_data/CRdata/Species/Muntiacus_reevesi","2MM07156__2025-10-29__09-06-12(2).JPG",1,2025-10-29
41,16,"Sciurus_carolinensis","29/10/2025 09:28","29/10/2025","09:28:28",83433,1390.6,23.2,1,"/Users/ahmetselimesmer/Desktop/sensor_data/CRdata/Species/Sciurus_carolinensis","2MM07156__2025-10-29__09-28-28(2).JPG",2,2025-10-29
42,16,"Muntiacus_reevesi","29/10/2025 09:43","29/10/2025","09:43:58",2266,37.8,0.6,0,"/Users/ahmetselimesmer/Desktop/sensor_data/CRdata/Species/Muntiacus_reevesi","2MM07156__2025-10-29__09-43-58(2).JPG",2,2025-10-29
43,16,"Muntiacus_reevesi","29/10/2025 13:46","29/10/2025","13:46:07",14529,242.2,4,0.2,"/Users/ahmetselimesmer/Desktop/sensor_data/CRdata/Species/Muntiacus_reevesi","2MM07156__2025-10-29__13-46-07(1).JPG",2,2025-10-29
44,16,"Muntiacus_reevesi","29/10/2025 18:28","29/10/2025","18:28:14",16927,282.1,4.7,0.2,"/Users/ahmetselimesmer/Desktop/sensor_data/CRdata/Species/Muntiacus_reevesi","2MM07156__2025-10-29__18-28-14(1).JPG",2,2025-10-29
45,16,"Muntiacus_reevesi","29/10/2025 19:50","29/10/2025","19:50:21",4927,82.1,1.4,0.1,"/Users/ahmetselimesmer/Desktop/sensor_data/CRdata/Species/Muntiacus_reevesi","2MM07156__2025-10-29__19-50-21(1).JPG",3,2025-10-29
46,16,"Muntiacus_reevesi","29/10/2025 22:46","29/10/2025","22:46:09",10548,175.8,2.9,0.1,"/Users/ahmetselimesmer/Desktop/sensor_data/CRdata/Species/Muntiacus_reevesi","2MM07156__2025-10-29__22-46-09(2).JPG",2,2025-10-29
47,16,"Muntiacus_reevesi","30/10/2025 08:05","30/10/2025","08:05:38",33569,559.5,9.3,0.4,"/Users/ahmetselimesmer/Desktop/sensor_data/CRdata/Species/Muntiacus_reevesi","2MM07156__2025-10-30__08-05-38(1).JPG",2,2025-10-30
48,16,"Muntiacus_reevesi","30/10/2025 10:14","30/10/2025","10:14:11",7713,128.6,2.1,0.1,"/Users/ahmetselimesmer/Desktop/sensor_data/CRdata/Species/Muntiacus_reevesi","2MM07156__2025-10-30__10-14-11(2).JPG",2,2025-10-30
49,16,"Muntiacus_reevesi","30/10/2025 17:04","30/10/2025","17:04:26",24615,410.2,6.8,0.3,"/Users/ahmetselimesmer/Desktop/sensor_data/CRdata/Species/Muntiacus_reevesi","2MM07156__2025-10-30__17-04-26(1).JPG",1,2025-10-30
50,16,"Muntiacus_reevesi","30/10/2025 22:20","30/10/2025","22:20:22",18956,315.9,5.3,0.2,"/Users/ahmetselimesmer/Desktop/sensor_data/CRdata/Species/Muntiacus_reevesi","2MM07156__2025-10-30__22-20-22(1).JPG",2,2025-10-30
51,16,"Muntiacus_reevesi","31/10/2025 16:23","31/10/2025","16:23:55",65013,1083.6,18.1,0.8,"/Users/ahmetselimesmer/Desktop/sensor_data/CRdata/Species/Muntiacus_reevesi","2MM07156__2025-10-31__16-23-55(1).JPG",2,2025-10-31
52,16,"Sciurus_carolinensis","01/11/2025 09:40","01/11/2025","09:40:28",259920,4332,72.2,3,"/Users/ahmetselimesmer/Desktop/sensor_data/CRdata/Species/Sciurus_carolinensis","2MM07156__2025-11-01__09-40-28(1).JPG",1,2025-11-01
53,16,"Sciurus_carolinensis","01/11/2025 16:12","01/11/2025","16:12:24",23516,391.9,6.5,0.3,"/Users/ahmetselimesmer/Desktop/sensor_data/CRdata/Species/Sciurus_carolinensis","2MM07156__2025-11-01__16-12-24(2).JPG",3,2025-11-01
54,16,"Muntiacus_reevesi","02/11/2025 17:11","02/11/2025","17:11:55",175680,2928,48.8,2,"/Users/ahmetselimesmer/Desktop/sensor_data/CRdata/Species/Muntiacus_reevesi","2MM07156__2025-11-02__17-11-55(3).JPG",1,2025-11-02
55,16,"Muntiacus_reevesi","02/11/2025 20:22","02/11/2025","20:22:50",11455,190.9,3.2,0.1,"/Users/ahmetselimesmer/Desktop/sensor_data/CRdata/Species/Muntiacus_reevesi","2MM07156__2025-11-02__20-22-50(1).JPG",2,2025-11-02
56,16,"Phasianus_colchicus","03/11/2025 08:12","03/11/2025","08:12:37",508393,8473.2,141.2,5.9,"/Users/ahmetselimesmer/Desktop/sensor_data/CRdata/Species/Phasianus_colchicus","2MM07156__2025-11-03__08-12-37(1).JPG",2,2025-11-03
57,16,"Muntiacus_reevesi","03/11/2025 08:18","03/11/2025","08:18:26",42936,715.6,11.9,0.5,"/Users/ahmetselimesmer/Desktop/sensor_data/CRdata/Species/Muntiacus_reevesi","2MM07156__2025-11-03__08-18-26(1).JPG",2,2025-11-03
58,16,"Muntiacus_reevesi","04/11/2025 03:31","04/11/2025","03:31:07",69161,1152.7,19.2,0.8,"/Users/ahmetselimesmer/Desktop/sensor_data/CRdata/Species/Muntiacus_reevesi","2MM07156__2025-11-04__03-31-07(1).JPG",2,2025-11-04
59,16,"Muntiacus_reevesi","04/11/2025 07:38","04/11/2025","07:38:42",14855,247.6,4.1,0.2,"/Users/ahmetselimesmer/Desktop/sensor_data/CRdata/Species/Muntiacus_reevesi","2MM07156__2025-11-04__07-38-42(2).JPG",2,2025-11-04
60,16,"Muntiacus_reevesi","04/11/2025 12:28","04/11/2025","12:28:58",17416,290.3,4.8,0.2,"/Users/ahmetselimesmer/Desktop/sensor_data/CRdata/Species/Muntiacus_reevesi","2MM07156__2025-11-04__12-28-58(2).JPG",3,2025-11-04
61,16,"Muntiacus_reevesi","04/11/2025 16:48","04/11/2025","16:48:42",15584,259.7,4.3,0.2,"/Users/ahmetselimesmer/Desktop/sensor_data/CRdata/Species/Muntiacus_reevesi","2MM07156__2025-11-04__16-48-42(1).JPG",1,2025-11-04
62,16,"Muntiacus_reevesi","05/11/2025 01:23","05/11/2025","01:23:43",30901,515,8.6,0.4,"/Users/ahmetselimesmer/Desktop/sensor_data/CRdata/Species/Muntiacus_reevesi","2MM07156__2025-11-05__01-23-43(1).JPG",2,2025-11-05
63,16,"Muntiacus_reevesi","05/11/2025 08:13","05/11/2025","08:13:07",24564,409.4,6.8,0.3,"/Users/ahmetselimesmer/Desktop/sensor_data/CRdata/Species/Muntiacus_reevesi","2MM07156__2025-11-05__08-13-07(1).JPG",1,2025-11-05
64,16,"Muntiacus_reevesi","05/11/2025 21:07","05/11/2025","21:07:33",0,0,0,0,"CMEE02/Muntiacus_reevesi","stationA__2025-11-05__21-07-33(3).JPG",1,2025-11-05
65,16,"Muntiacus_reevesi","06/11/2025 02:37","06/11/2025","02:37:16",19783,329.7,5.5,0.2,"CMEE02/Muntiacus_reevesi","stationA__2025-11-06__02-37-16(1).JPG",2,2025-11-06
66,16,"Muntiacus_reevesi","06/11/2025 11:17","06/11/2025","11:17:36",31220,520.3,8.7,0.4,"CMEE02/Muntiacus_reevesi","stationA__2025-11-06__11-17-36(2).JPG",2,2025-11-06
67,16,"Sciurus_carolinensis","06/11/2025 15:40","06/11/2025","15:40:51",0,0,0,0,"CMEE02/Sciurus_carolinensis","stationA__2025-11-06__15-40-51(1).JPG",2,2025-11-06
68,16,"Muntiacus_reevesi","06/11/2025 21:59","06/11/2025","21:59:14",38498,641.6,10.7,0.4,"CMEE02/Muntiacus_reevesi","stationA__2025-11-06__21-59-14(2).JPG",2,2025-11-06
69,16,"Muntiacus_reevesi","06/11/2025 22:35","06/11/2025","22:35:14",2160,36,0.6,0,"CMEE02/Muntiacus_reevesi","stationA__2025-11-06__22-35-14(1).JPG",2,2025-11-06
70,16,"Muntiacus_reevesi","07/11/2025 15:49","07/11/2025","15:49:24",62050,1034.2,17.2,0.7,"CMEE02/Muntiacus_reevesi","stationA__2025-11-07__15-49-24(3).JPG",3,2025-11-07
71,16,"Muntiacus_reevesi","07/11/2025 17:47","07/11/2025","17:47:40",7096,118.3,2,0.1,"CMEE02/Muntiacus_reevesi","stationA__2025-11-07__17-47-40(3).JPG",1,2025-11-07
72,16,"Muntiacus_reevesi","08/11/2025 04:03","08/11/2025","04:03:10",36930,615.5,10.3,0.4,"CMEE02/Muntiacus_reevesi","stationA__2025-11-08__04-03-10(2).JPG",2,2025-11-08
73,16,"Muntiacus_reevesi","08/11/2025 08:25","08/11/2025","08:25:40",15750,262.5,4.4,0.2,"CMEE02/Muntiacus_reevesi","stationA__2025-11-08__08-25-40(3).JPG",1,2025-11-08
74,16,"Sciurus_carolinensis","08/11/2025 15:52","08/11/2025","15:52:28",173497,2891.6,48.2,2,"CMEE02/Sciurus_carolinensis","stationA__2025-11-08__15-52-28(3).JPG",1,2025-11-08
75,16,"Muntiacus_reevesi","08/11/2025 22:31","08/11/2025","22:31:18",50738,845.6,14.1,0.6,"CMEE02/Muntiacus_reevesi","stationA__2025-11-08__22-31-18(3).JPG",1,2025-11-08
76,16,"Muntiacus_reevesi","09/11/2025 03:51","09/11/2025","03:51:43",19225,320.4,5.3,0.2,"CMEE02/Muntiacus_reevesi","stationA__2025-11-09__03-51-43(1).JPG",2,2025-11-09
77,16,"Muntiacus_reevesi","09/11/2025 08:26","09/11/2025","08:26:49",16506,275.1,4.6,0.2,"CMEE02/Muntiacus_reevesi","stationA__2025-11-09__08-26-49(1).JPG",2,2025-11-09
78,16,"Muntiacus_reevesi","09/11/2025 09:53","09/11/2025","09:53:33",5204,86.7,1.4,0.1,"CMEE02/Muntiacus_reevesi","stationA__2025-11-09__09-53-33(2).JPG",1,2025-11-09
79,16,"Sciurus_carolinensis","09/11/2025 17:12","09/11/2025","17:12:40",91212,1520.2,25.3,1.1,"CMEE02/Sciurus_carolinensis","stationA__2025-11-09__17-12-40(2).JPG",2,2025-11-09
80,16,"Capreolus_capreolus","10/11/2025 06:23","10/11/2025","06:23:58",0,0,0,0,"CMEE02/Capreolus_capreolus","stationA__2025-11-10__06-23-58(1).JPG",1,2025-11-10
81,16,"Sciurus_carolinensis","10/11/2025 10:31","10/11/2025","10:31:01",62301,1038.3,17.3,0.7,"CMEE02/Sciurus_carolinensis","stationA__2025-11-10__10-31-01(2).JPG",1,2025-11-10
82,16,"Sciurus_carolinensis","10/11/2025 11:59","10/11/2025","11:59:04",5283,88,1.5,0.1,"CMEE02/Sciurus_carolinensis","stationA__2025-11-10__11-59-04(2).JPG",1,2025-11-10
83,16,"Muntiacus_reevesi","10/11/2025 14:42","10/11/2025","14:42:51",103758,1729.3,28.8,1.2,"CMEE02/Muntiacus_reevesi","stationA__2025-11-10__14-42-51(3).JPG",1,2025-11-10
84,16,"Muntiacus_reevesi","10/11/2025 17:31","10/11/2025","17:31:14",10103,168.4,2.8,0.1,"CMEE02/Muntiacus_reevesi","stationA__2025-11-10__17-31-14(1).JPG",1,2025-11-10
85,16,"Muntiacus_reevesi","10/11/2025 18:05","10/11/2025","18:05:28",2054,34.2,0.6,0,"CMEE02/Muntiacus_reevesi","stationA__2025-11-10__18-05-28(1).JPG",1,2025-11-10
86,16,"Muntiacus_reevesi","10/11/2025 23:34","10/11/2025","23:34:33",19745,329.1,5.5,0.2,"CMEE02/Muntiacus_reevesi","stationA__2025-11-10__23-34-33(3).JPG",1,2025-11-10
87,16,"Muntiacus_reevesi","11/11/2025 09:22","11/11/2025","09:22:50",35297,588.3,9.8,0.4,"CMEE02/Muntiacus_reevesi","stationA__2025-11-11__09-22-50(2).JPG",2,2025-11-11
88,16,"Muntiacus_reevesi","11/11/2025 14:47","11/11/2025","14:47:23",19473,324.6,5.4,0.2,"CMEE02/Muntiacus_reevesi","stationA__2025-11-11__14-47-23(2).JPG",1,2025-11-11
89,16,"Muntiacus_reevesi","12/11/2025 08:13","12/11/2025","08:13:38",62775,1046.2,17.4,0.7,"CMEE02/Muntiacus_reevesi","stationA__2025-11-12__08-13-38(1).JPG",1,2025-11-12
90,16,"Sciurus_carolinensis","12/11/2025 11:25","12/11/2025","11:25:12",170768,2846.1,47.4,2,"CMEE02/Sciurus_carolinensis","stationA__2025-11-12__11-25-12(1).JPG",5,2025-11-12
91,16,"Muntiacus_reevesi","12/11/2025 16:06","12/11/2025","16:06:15",28357,472.6,7.9,0.3,"CMEE02/Muntiacus_reevesi","stationA__2025-11-12__16-06-15(2).JPG",5,2025-11-12
92,16,"Muntiacus_reevesi","13/11/2025 03:07","13/11/2025","03:07:42",39687,661.5,11,0.5,"CMEE02/Muntiacus_reevesi","stationA__2025-11-13__03-07-42(2).JPG",2,2025-11-13
93,16,"Muntiacus_reevesi","13/11/2025 04:07","13/11/2025","04:07:07",3565,59.4,1,0,"CMEE02/Muntiacus_reevesi","stationA__2025-11-13__04-07-07(1).JPG",2,2025-11-13
94,16,"Muntiacus_reevesi","13/11/2025 09:13","13/11/2025","09:13:08",18361,306,5.1,0.2,"CMEE02/Muntiacus_reevesi","stationA__2025-11-13__09-13-08(1).JPG",2,2025-11-13
95,16,"Muntiacus_reevesi","13/11/2025 10:24","13/11/2025","10:24:58",4310,71.8,1.2,0,"CMEE02/Muntiacus_reevesi","stationA__2025-11-13__10-24-58(1).JPG",2,2025-11-13
96,16,"Muntiacus_reevesi","13/11/2025 15:46","13/11/2025","15:46:36",19298,321.6,5.4,0.2,"CMEE02/Muntiacus_reevesi","stationA__2025-11-13__15-46-36(3).JPG",1,2025-11-13
97,16,"Muntiacus_reevesi","13/11/2025 17:57","13/11/2025","17:57:55",7879,131.3,2.2,0.1,"CMEE02/Muntiacus_reevesi","stationA__2025-11-13__17-57-55(1).JPG",2,2025-11-13
98,16,"Muntiacus_reevesi","14/11/2025 05:07","14/11/2025","05:07:59",40204,670.1,11.2,0.5,"CMEE02/Muntiacus_reevesi","stationA__2025-11-14__05-07-59(3).JPG",1,2025-11-14
99,16,"Muntiacus_reevesi","14/11/2025 08:36","14/11/2025","08:36:30",12511,208.5,3.5,0.1,"CMEE02/Muntiacus_reevesi","stationA__2025-11-14__08-36-30(1).JPG",2,2025-11-14
100,16,"Sciurus_carolinensis","14/11/2025 15:31","14/11/2025","15:31:53",187601,3126.7,52.1,2.2,"CMEE02/Sciurus_carolinensis","stationA__2025-11-14__15-31-53(2).JPG",2,2025-11-14
101,16,"Muntiacus_reevesi","14/11/2025 17:00","14/11/2025","17:00:20",30230,503.8,8.4,0.4,"CMEE02/Muntiacus_reevesi","stationA__2025-11-14__17-00-20(3).JPG",3,2025-11-14
102,16,"Muntiacus_reevesi","15/11/2025 10:05","15/11/2025","10:05:18",61498,1025,17.1,0.7,"CMEE02/Muntiacus_reevesi","stationA__2025-11-15__10-05-18(3).JPG",1,2025-11-15
103,16,"Sciurus_carolinensis","15/11/2025 13:05","15/11/2025","13:05:00",77587,1293.1,21.6,0.9,"CMEE02/Sciurus_carolinensis","stationA__2025-11-15__13-05-00(1).JPG",2,2025-11-15
104,16,"Sciurus_carolinensis","15/11/2025 13:35","15/11/2025","13:35:06",1806,30.1,0.5,0,"CMEE02/Sciurus_carolinensis","stationA__2025-11-15__13-35-06(3).JPG",1,2025-11-15
105,16,"Columba_palumbus","15/11/2025 15:59","15/11/2025","15:59:21",0,0,0,0,"CMEE02/Columba_palumbus","stationA__2025-11-15__15-59-21(2).JPG",1,2025-11-15
106,16,"Muntiacus_reevesi","15/11/2025 18:22","15/11/2025","18:22:08",29810,496.8,8.3,0.3,"CMEE02/Muntiacus_reevesi","stationA__2025-11-15__18-22-08(1).JPG",3,2025-11-15
107,16,"Muntiacus_reevesi","16/11/2025 01:44","16/11/2025","01:44:19",0,0,0,0,"D:/Users/lenovo/Desktop/subset_04_renamed/Muntiacus_reevesi","camera_05_16_2025__2025-11-16__01-44-19(1).JPG",2,2025-11-16
108,16,"Muntiacus_reevesi","16/11/2025 17:21","16/11/2025","17:21:18",56219,937,15.6,0.7,"D:/Users/lenovo/Desktop/subset_04_renamed/Muntiacus_reevesi","camera_05_16_2025__2025-11-16__17-21-18(1).JPG",2,2025-11-16
109,16,"Muntiacus_reevesi","16/11/2025 18:01","16/11/2025","18:01:35",2417,40.3,0.7,0,"D:/Users/lenovo/Desktop/subset_04_renamed/Muntiacus_reevesi","camera_05_16_2025__2025-11-16__18-01-35(2).JPG",1,2025-11-16
110,16,"Muntiacus_reevesi","16/11/2025 20:50","16/11/2025","20:50:14",10119,168.7,2.8,0.1,"D:/Users/lenovo/Desktop/subset_04_renamed/Muntiacus_reevesi","camera_05_16_2025__2025-11-16__20-50-14(2).JPG",1,2025-11-16
111,16,"Muntiacus_reevesi","17/11/2025 01:55","17/11/2025","01:55:35",18321,305.4,5.1,0.2,"D:/Users/lenovo/Desktop/subset_04_renamed/Muntiacus_reevesi","camera_05_16_2025__2025-11-17__01-55-35(1).JPG",3,2025-11-17
112,16,"Muntiacus_reevesi","17/11/2025 05:18","17/11/2025","05:18:00",12145,202.4,3.4,0.1,"D:/Users/lenovo/Desktop/subset_04_renamed/Muntiacus_reevesi","camera_05_16_2025__2025-11-17__05-18-00(1).JPG",2,2025-11-17
113,16,"Muntiacus_reevesi","17/11/2025 06:14","17/11/2025","06:14:48",3408,56.8,0.9,0,"D:/Users/lenovo/Desktop/subset_04_renamed/Muntiacus_reevesi","camera_05_16_2025__2025-11-17__06-14-48(1).JPG",3,2025-11-17
114,16,"Muntiacus_reevesi","17/11/2025 08:05","17/11/2025","08:05:54",6666,111.1,1.9,0.1,"D:/Users/lenovo/Desktop/subset_04_renamed/Muntiacus_reevesi","camera_05_16_2025__2025-11-17__08-05-54(1).JPG",1,2025-11-17
115,16,"Muntiacus_reevesi","17/11/2025 08:45","17/11/2025","08:45:48",2394,39.9,0.7,0,"D:/Users/lenovo/Desktop/subset_04_renamed/Muntiacus_reevesi","camera_05_16_2025__2025-11-17__08-45-48(1).JPG",1,2025-11-17
116,16,"Columba_palumbus","17/11/2025 11:35","17/11/2025","11:35:18",0,0,0,0,"D:/Users/lenovo/Desktop/subset_04_renamed/Columba_palumbus","camera_05_16_2025__2025-11-17__11-35-18(1).JPG",2,2025-11-17
117,16,"Muntiacus_reevesi","18/11/2025 08:52","18/11/2025","08:52:28",86800,1446.7,24.1,1,"D:/Users/lenovo/Desktop/subset_04_renamed/Muntiacus_reevesi","camera_05_16_2025__2025-11-18__08-52-28(1).JPG",2,2025-11-18
118,16,"Muntiacus_reevesi","18/11/2025 09:37","18/11/2025","09:37:49",2721,45.4,0.8,0,"D:/Users/lenovo/Desktop/subset_04_renamed/Muntiacus_reevesi","camera_05_16_2025__2025-11-18__09-37-49(1).JPG",1,2025-11-18
119,16,"Sciurus_carolinensis","18/11/2025 15:20","18/11/2025","15:20:49",0,0,0,0,"D:/Users/lenovo/Desktop/subset_04_renamed/Sciurus_carolinensis","camera_05_16_2025__2025-11-18__15-20-49(1).JPG",4,2025-11-18
120,16,"Muntiacus_reevesi","18/11/2025 17:10","18/11/2025","17:10:08",27139,452.3,7.5,0.3,"D:/Users/lenovo/Desktop/subset_04_renamed/Muntiacus_reevesi","camera_05_16_2025__2025-11-18__17-10-08(1).JPG",2,2025-11-18
121,16,"Muntiacus_reevesi","19/11/2025 01:16","19/11/2025","01:16:54",29206,486.8,8.1,0.3,"D:/Users/lenovo/Desktop/subset_04_renamed/Muntiacus_reevesi","camera_05_16_2025__2025-11-19__01-16-54(1).JPG",1,2025-11-19
122,16,"Capreolus_capreolus","19/11/2025 12:43","19/11/2025","12:43:40",0,0,0,0,"D:/Users/lenovo/Desktop/subset_04_renamed/Capreolus_capreolus","camera_05_16_2025__2025-11-19__12-43-40(1).JPG",2,2025-11-19
123,16,"Muntiacus_reevesi","19/11/2025 18:17","19/11/2025","18:17:56",61262,1021,17,0.7,"D:/Users/lenovo/Desktop/subset_04_renamed/Muntiacus_reevesi","camera_05_16_2025__2025-11-19__18-17-56(1).JPG",2,2025-11-19
124,16,"Muntiacus_reevesi","19/11/2025 23:21","19/11/2025","23:21:07",18191,303.2,5.1,0.2,"D:/Users/lenovo/Desktop/subset_04_renamed/Muntiacus_reevesi","camera_05_16_2025__2025-11-19__23-21-07(1).JPG",2,2025-11-19
125,16,"Muntiacus_reevesi","19/11/2025 23:56","19/11/2025","23:56:56",2149,35.8,0.6,0,"D:/Users/lenovo/Desktop/subset_04_renamed/Muntiacus_reevesi","camera_05_16_2025__2025-11-19__23-56-56(1).JPG",4,2025-11-19
126,16,"Muntiacus_reevesi","20/11/2025 01:50","20/11/2025","01:50:21",6805,113.4,1.9,0.1,"D:/Users/lenovo/Desktop/subset_04_renamed/Muntiacus_reevesi","camera_05_16_2025__2025-11-20__01-50-21(1).JPG",2,2025-11-20
127,16,"Muntiacus_reevesi","20/11/2025 07:33","20/11/2025","07:33:41",20600,343.3,5.7,0.2,"D:/Users/lenovo/Desktop/subset_04_renamed/Muntiacus_reevesi","camera_05_16_2025__2025-11-20__07-33-41(1).JPG",2,2025-11-20
128,16,"Muntiacus_reevesi","20/11/2025 08:41","20/11/2025","08:41:02",4041,67.3,1.1,0,"D:/Users/lenovo/Desktop/subset_04_renamed/Muntiacus_reevesi","camera_05_16_2025__2025-11-20__08-41-02(1).JPG",2,2025-11-20
129,16,"Sciurus_carolinensis","20/11/2025 09:39","20/11/2025","09:39:10",152301,2538.3,42.3,1.8,"D:/Users/lenovo/Desktop/subset_04_renamed/Sciurus_carolinensis","camera_05_16_2025__2025-11-20__09-39-10(1).JPG",2,2025-11-20
130,16,"Columba_palumbus","20/11/2025 11:05","20/11/2025","11:05:51",257433,4290.6,71.5,3,"D:/Users/lenovo/Desktop/subset_04_renamed/Columba_palumbus","camera_05_16_2025__2025-11-20__11-05-51(1).JPG",4,2025-11-20
131,16,"Muntiacus_reevesi","20/11/2025 13:25","20/11/2025","13:25:11",17049,284.1,4.7,0.2,"D:/Users/lenovo/Desktop/subset_04_renamed/Muntiacus_reevesi","camera_05_16_2025__2025-11-20__13-25-11(1).JPG",3,2025-11-20
132,16,"Muntiacus_reevesi","20/11/2025 16:37","20/11/2025","16:37:24",11533,192.2,3.2,0.1,"D:/Users/lenovo/Desktop/subset_04_renamed/Muntiacus_reevesi","camera_05_16_2025__2025-11-20__16-37-24(1).JPG",1,2025-11-20
133,16,"Muntiacus_reevesi","21/11/2025 01:24","21/11/2025","01:24:41",31637,527.3,8.8,0.4,"D:/Users/lenovo/Desktop/subset_04_renamed/Muntiacus_reevesi","camera_05_16_2025__2025-11-21__01-24-41(1).JPG",1,2025-11-21
134,16,"Muntiacus_reevesi","21/11/2025 11:37","21/11/2025","11:37:33",36772,612.9,10.2,0.4,"D:/Users/lenovo/Desktop/subset_04_renamed/Muntiacus_reevesi","camera_05_16_2025__2025-11-21__11-37-33(1).JPG",1,2025-11-21
135,16,"Sciurus_carolinensis","21/11/2025 14:26","21/11/2025","14:26:11",103621,1727,28.8,1.2,"D:/Users/lenovo/Desktop/subset_04_renamed/Sciurus_carolinensis","camera_05_16_2025__2025-11-21__14-26-11(2).JPG",3,2025-11-21
136,16,"Muntiacus_reevesi","21/11/2025 17:49","21/11/2025","17:49:26",22313,371.9,6.2,0.3,"D:/Users/lenovo/Desktop/subset_04_renamed/Muntiacus_reevesi","camera_05_16_2025__2025-11-21__17-49-26(1).JPG",2,2025-11-21
137,16,"Muntiacus_reevesi","22/11/2025 04:04","22/11/2025","04:04:09",36883,614.7,10.2,0.4,"D:/Users/lenovo/Desktop/subset_04_renamed/Muntiacus_reevesi","camera_05_16_2025__2025-11-22__04-04-09(1).JPG",1,2025-11-22
138,16,"Muntiacus_reevesi","22/11/2025 08:17","22/11/2025","08:17:24",15195,253.2,4.2,0.2,"D:/Users/lenovo/Desktop/subset_04_renamed/Muntiacus_reevesi","camera_05_16_2025__2025-11-22__08-17-24(1).JPG",2,2025-11-22
139,16,"Muntiacus_reevesi","22/11/2025 10:44","22/11/2025","10:44:59",8855,147.6,2.5,0.1,"D:/Users/lenovo/Desktop/subset_04_renamed/Muntiacus_reevesi","camera_05_16_2025__2025-11-22__10-44-59(2).JPG",3,2025-11-22
140,16,"Muntiacus_reevesi","22/11/2025 14:33","22/11/2025","14:33:37",13718,228.6,3.8,0.2,"D:/Users/lenovo/Desktop/subset_04_renamed/Muntiacus_reevesi","camera_05_16_2025__2025-11-22__14-33-37(1).JPG",2,2025-11-22
141,16,"Muntiacus_reevesi","23/11/2025 17:18","23/11/2025","17:18:31",96294,1604.9,26.7,1.1,"D:/Users/lenovo/Desktop/subset_04_renamed/Muntiacus_reevesi","camera_05_16_2025__2025-11-23__17-18-31(2).JPG",1,2025-11-23
142,16,"Muntiacus_reevesi","24/11/2025 01:17","24/11/2025","01:17:49",28758,479.3,8,0.3,"D:/Users/lenovo/Desktop/subset_04_renamed/Muntiacus_reevesi","camera_05_16_2025__2025-11-24__01-17-49(3).JPG",1,2025-11-24
143,16,"Muntiacus_reevesi","24/11/2025 05:53","24/11/2025","05:53:46",16557,276,4.6,0.2,"D:/Users/lenovo/Desktop/subset_04_renamed/Muntiacus_reevesi","camera_05_16_2025__2025-11-24__05-53-46(1).JPG",1,2025-11-24
1,45,"Capreolus_capreolus","2025-10-14 19:39:53","2025-10-14","19:39:53",0,0,0,0,"/Users/clarence/camera_trap/Species/Capreolus_capreolus","camera_07_45_2025__2025-10-14__19-39-53(2).JPG",2,2025-10-14
2,45,"Capreolus_capreolus","2025-10-19 12:21:33","2025-10-19","12:21:33",405700,6761.7,112.7,4.7,"/Users/clarence/camera_trap/Species/Capreolus_capreolus","camera_07_45_2025__2025-10-19__12-21-33(2).JPG",9,2025-10-19
3,45,"Capreolus_capreolus","2025-10-19 12:52:50","2025-10-19","12:52:50",1877,31.3,0.5,0,"/Users/clarence/camera_trap/Species/Capreolus_capreolus","camera_07_45_2025__2025-10-19__12-52-50(1).JPG",4,2025-10-19
4,45,"Capreolus_capreolus","2025-10-20 14:32:38","2025-10-20","14:32:38",92388,1539.8,25.7,1.1,"/Users/clarence/camera_trap/Species/Capreolus_capreolus","camera_07_45_2025__2025-10-20__14-32-38(3).JPG",3,2025-10-20
5,45,"Capreolus_capreolus","2025-10-23 16:46:32","2025-10-23","16:46:32",267234,4453.9,74.2,3.1,"/Users/clarence/camera_trap/Species/Capreolus_capreolus","camera_07_45_2025__2025-10-23__16-46-32(1).JPG",2,2025-10-23
6,45,"Capreolus_capreolus","2025-10-25 09:57:00","2025-10-25","09:57:00",148228,2470.5,41.2,1.7,"/Users/clarence/camera_trap/Species/Capreolus_capreolus","camera_07_45_2025__2025-10-25__09-57-00(1).JPG",2,2025-10-25
7,45,"Capreolus_capreolus","2025-11-01 10:00:07","2025-11-01","10:00:07",604987,10083.1,168.1,7,"/Users/clarence/camera_trap/Species/Capreolus_capreolus","camera_07_45_2025__2025-11-01__10-00-07(2).JPG",10,2025-11-01
8,45,"Capreolus_capreolus","2025-11-02 11:14:40","2025-11-02","11:14:40",90873,1514.6,25.2,1,"/Users/clarence/camera_trap/Species/Capreolus_capreolus","camera_07_45_2025__2025-11-02__11-14-40(1).JPG",2,2025-11-02
9,45,"Columba_palumbus","2025-10-12 17:40:02","2025-10-12","17:40:02",0,0,0,0,"/Users/clarence/camera_trap/Species/Columba_palumbus","camera_07_45_2025__2025-10-12__17-40-02(1).JPG",2,2025-10-12
10,45,"Columba_palumbus","2025-10-26 09:41:38","2025-10-26","09:41:38",1180896,19681.6,328,13.7,"/Users/clarence/camera_trap/Species/Columba_palumbus","camera_07_45_2025__2025-10-26__09-41-38(1).JPG",2,2025-10-26
11,45,"Columba_palumbus","2025-11-20 12:26:49","2025-11-20","12:26:49",2169911,36165.2,602.8,25.1,"/Users/clarence/camera_trap/Species/Columba_palumbus","camera_07_45_2025__2025-11-20__12-26-49(2).JPG",4,2025-11-20
12,45,"Muntiacus_reevesi","2025-10-08 18:41:03","2025-10-08","18:41:03",0,0,0,0,"/Users/clarence/camera_trap/Species/Muntiacus_reevesi","camera_07_45_2025__2025-10-08__18-41-03(1).JPG",2,2025-10-08
13,45,"Muntiacus_reevesi","2025-10-08 20:08:49","2025-10-08","20:08:49",5266,87.8,1.5,0.1,"/Users/clarence/camera_trap/Species/Muntiacus_reevesi","camera_07_45_2025__2025-10-08__20-08-49(1).JPG",1,2025-10-08
14,45,"Muntiacus_reevesi","2025-10-09 02:42:21","2025-10-09","02:42:21",23612,393.5,6.6,0.3,"/Users/clarence/camera_trap/Species/Muntiacus_reevesi","camera_07_45_2025__2025-10-09__02-42-21(1).JPG",2,2025-10-09
15,45,"Muntiacus_reevesi","2025-10-09 06:58:31","2025-10-09","06:58:31",15370,256.2,4.3,0.2,"/Users/clarence/camera_trap/Species/Muntiacus_reevesi","camera_07_45_2025__2025-10-09__06-58-31(1).JPG",2,2025-10-09
16,45,"Muntiacus_reevesi","2025-10-09 18:25:09","2025-10-09","18:25:09",41198,686.6,11.4,0.5,"/Users/clarence/camera_trap/Species/Muntiacus_reevesi","camera_07_45_2025__2025-10-09__18-25-09(3).JPG",1,2025-10-09
17,45,"Muntiacus_reevesi","2025-10-09 19:39:19","2025-10-09","19:39:19",4450,74.2,1.2,0,"/Users/clarence/camera_trap/Species/Muntiacus_reevesi","camera_07_45_2025__2025-10-09__19-39-19(2).JPG",1,2025-10-09
18,45,"Muntiacus_reevesi","2025-10-10 09:20:40","2025-10-10","09:20:40",49281,821.4,13.7,0.6,"/Users/clarence/camera_trap/Species/Muntiacus_reevesi","camera_07_45_2025__2025-10-10__09-20-40(2).JPG",1,2025-10-10
19,45,"Muntiacus_reevesi","2025-10-10 18:08:59","2025-10-10","18:08:59",31699,528.3,8.8,0.4,"/Users/clarence/camera_trap/Species/Muntiacus_reevesi","camera_07_45_2025__2025-10-10__18-08-59(1).JPG",1,2025-10-10
20,45,"Muntiacus_reevesi","2025-10-11 08:43:26","2025-10-11","08:43:26",52467,874.5,14.6,0.6,"/Users/clarence/camera_trap/Species/Muntiacus_reevesi","camera_07_45_2025__2025-10-11__08-43-26(1).JPG",2,2025-10-11
21,45,"Muntiacus_reevesi","2025-10-11 15:25:37","2025-10-11","15:25:37",24131,402.2,6.7,0.3,"/Users/clarence/camera_trap/Species/Muntiacus_reevesi","camera_07_45_2025__2025-10-11__15-25-37(2).JPG",1,2025-10-11
22,45,"Muntiacus_reevesi","2025-10-11 18:49:45","2025-10-11","18:49:45",12248,204.1,3.4,0.1,"/Users/clarence/camera_trap/Species/Muntiacus_reevesi","camera_07_45_2025__2025-10-11__18-49-45(2).JPG",1,2025-10-11
23,45,"Muntiacus_reevesi","2025-10-12 08:21:13","2025-10-12","08:21:13",48688,811.5,13.5,0.6,"/Users/clarence/camera_trap/Species/Muntiacus_reevesi","camera_07_45_2025__2025-10-12__08-21-13(1).JPG",2,2025-10-12
24,45,"Muntiacus_reevesi","2025-10-12 09:19:00","2025-10-12","09:19:00",3467,57.8,1,0,"/Users/clarence/camera_trap/Species/Muntiacus_reevesi","camera_07_45_2025__2025-10-12__09-19-00(2).JPG",1,2025-10-12
25,45,"Muntiacus_reevesi","2025-10-12 16:46:07","2025-10-12","16:46:07",26827,447.1,7.5,0.3,"/Users/clarence/camera_trap/Species/Muntiacus_reevesi","camera_07_45_2025__2025-10-12__16-46-07(2).JPG",1,2025-10-12
26,45,"Muntiacus_reevesi","2025-10-12 17:55:10","2025-10-12","17:55:10",4143,69,1.1,0,"/Users/clarence/camera_trap/Species/Muntiacus_reevesi","camera_07_45_2025__2025-10-12__17-55-10(1).JPG",1,2025-10-12
27,45,"Muntiacus_reevesi","2025-10-13 08:45:34","2025-10-13","08:45:34",53424,890.4,14.8,0.6,"/Users/clarence/camera_trap/Species/Muntiacus_reevesi","camera_07_45_2025__2025-10-13__08-45-34(3).JPG",1,2025-10-13
28,45,"Muntiacus_reevesi","2025-10-13 12:21:31","2025-10-13","12:21:31",12957,215.9,3.6,0.1,"/Users/clarence/camera_trap/Species/Muntiacus_reevesi","camera_07_45_2025__2025-10-13__12-21-31(1).JPG",2,2025-10-13
29,45,"Muntiacus_reevesi","2025-10-13 14:45:52","2025-10-13","14:45:52",8661,144.3,2.4,0.1,"/Users/clarence/camera_trap/Species/Muntiacus_reevesi","camera_07_45_2025__2025-10-13__14-45-52(3).JPG",1,2025-10-13
30,45,"Muntiacus_reevesi","2025-10-14 03:56:07","2025-10-14","03:56:07",47415,790.2,13.2,0.5,"/Users/clarence/camera_trap/Species/Muntiacus_reevesi","camera_07_45_2025__2025-10-14__03-56-07(1).JPG",2,2025-10-14
31,45,"Muntiacus_reevesi","2025-10-14 07:48:13","2025-10-14","07:48:13",13926,232.1,3.9,0.2,"/Users/clarence/camera_trap/Species/Muntiacus_reevesi","camera_07_45_2025__2025-10-14__07-48-13(3).JPG",1,2025-10-14
32,45,"Muntiacus_reevesi","2025-10-14 08:45:56","2025-10-14","08:45:56",3463,57.7,1,0,"/Users/clarence/camera_trap/Species/Muntiacus_reevesi","camera_07_45_2025__2025-10-14__08-45-56(2).JPG",1,2025-10-14
33,45,"Muntiacus_reevesi","2025-10-14 09:28:02","2025-10-14","09:28:02",2526,42.1,0.7,0,"/Users/clarence/camera_trap/Species/Muntiacus_reevesi","camera_07_45_2025__2025-10-14__09-28-02(2).JPG",3,2025-10-14
34,45,"Muntiacus_reevesi","2025-10-15 19:48:07","2025-10-15","19:48:07",123605,2060.1,34.3,1.4,"/Users/clarence/camera_trap/Species/Muntiacus_reevesi","camera_07_45_2025__2025-10-15__19-48-07(1).JPG",2,2025-10-15
35,45,"Muntiacus_reevesi","2025-10-16 02:03:20","2025-10-16","02:03:20",22513,375.2,6.3,0.3,"/Users/clarence/camera_trap/Species/Muntiacus_reevesi","camera_07_45_2025__2025-10-16__02-03-20(1).JPG",2,2025-10-16
36,45,"Muntiacus_reevesi","2025-10-16 07:28:46","2025-10-16","07:28:46",19526,325.4,5.4,0.2,"/Users/clarence/camera_trap/Species/Muntiacus_reevesi","camera_07_45_2025__2025-10-16__07-28-46(1).JPG",1,2025-10-16
37,45,"Muntiacus_reevesi","2025-10-16 08:19:13","2025-10-16","08:19:13",3027,50.5,0.8,0,"/Users/clarence/camera_trap/Species/Muntiacus_reevesi","camera_07_45_2025__2025-10-16__08-19-13(1).JPG",2,2025-10-16
38,45,"Muntiacus_reevesi","2025-10-16 17:24:48","2025-10-16","17:24:48",32735,545.6,9.1,0.4,"/Users/clarence/camera_trap/Species/Muntiacus_reevesi","camera_07_45_2025__2025-10-16__17-24-48(3).JPG",1,2025-10-16
39,45,"Muntiacus_reevesi","2025-10-17 17:10:43","2025-10-17","17:10:43",85555,1425.9,23.8,1,"/Users/clarence/camera_trap/Species/Muntiacus_reevesi","camera_07_45_2025__2025-10-17__17-10-43(1).JPG",2,2025-10-17
40,45,"Muntiacus_reevesi","2025-10-18 14:24:37","2025-10-18","14:24:37",76434,1273.9,21.2,0.9,"/Users/clarence/camera_trap/Species/Muntiacus_reevesi","camera_07_45_2025__2025-10-18__14-24-37(1).JPG",2,2025-10-18
41,45,"Muntiacus_reevesi","2025-10-18 14:58:02","2025-10-18","14:58:02",2005,33.4,0.6,0,"/Users/clarence/camera_trap/Species/Muntiacus_reevesi","camera_07_45_2025__2025-10-18__14-58-02(3).JPG",3,2025-10-18
42,45,"Muntiacus_reevesi","2025-10-18 15:58:19","2025-10-18","15:58:19",3617,60.3,1,0,"/Users/clarence/camera_trap/Species/Muntiacus_reevesi","camera_07_45_2025__2025-10-18__15-58-19(1).JPG",2,2025-10-18
43,45,"Muntiacus_reevesi","2025-10-19 13:06:43","2025-10-19","13:06:43",76104,1268.4,21.1,0.9,"/Users/clarence/camera_trap/Species/Muntiacus_reevesi","camera_07_45_2025__2025-10-19__13-06-43(1).JPG",2,2025-10-19
44,45,"Muntiacus_reevesi","2025-10-20 17:07:04","2025-10-20","17:07:04",100821,1680.3,28,1.2,"/Users/clarence/camera_trap/Species/Muntiacus_reevesi","camera_07_45_2025__2025-10-20__17-07-04(1).JPG",3,2025-10-20
45,45,"Muntiacus_reevesi","2025-10-21 14:45:50","2025-10-21","14:45:50",77926,1298.8,21.6,0.9,"/Users/clarence/camera_trap/Species/Muntiacus_reevesi","camera_07_45_2025__2025-10-21__14-45-50(1).JPG",2,2025-10-21
46,45,"Muntiacus_reevesi","2025-10-21 15:17:49","2025-10-21","15:17:49",1919,32,0.5,0,"/Users/clarence/camera_trap/Species/Muntiacus_reevesi","camera_07_45_2025__2025-10-21__15-17-49(1).JPG",2,2025-10-21
47,45,"Muntiacus_reevesi","2025-10-21 17:41:05","2025-10-21","17:41:05",8596,143.3,2.4,0.1,"/Users/clarence/camera_trap/Species/Muntiacus_reevesi","camera_07_45_2025__2025-10-21__17-41-05(1).JPG",2,2025-10-21
48,45,"Muntiacus_reevesi","2025-10-22 00:47:07","2025-10-22","00:47:07",25562,426,7.1,0.3,"/Users/clarence/camera_trap/Species/Muntiacus_reevesi","camera_07_45_2025__2025-10-22__00-47-07(1).JPG",2,2025-10-22
49,45,"Muntiacus_reevesi","2025-10-22 13:49:48","2025-10-22","13:49:48",46961,782.7,13,0.5,"/Users/clarence/camera_trap/Species/Muntiacus_reevesi","camera_07_45_2025__2025-10-22__13-49-48(1).JPG",2,2025-10-22
50,45,"Muntiacus_reevesi","2025-10-22 16:39:14","2025-10-22","16:39:14",10166,169.4,2.8,0.1,"/Users/clarence/camera_trap/Species/Muntiacus_reevesi","camera_07_45_2025__2025-10-22__16-39-14(1).JPG",1,2025-10-22
51,45,"Muntiacus_reevesi","2025-10-23 14:59:02","2025-10-23","14:59:02",80388,1339.8,22.3,0.9,"/Users/clarence/camera_trap/Species/Muntiacus_reevesi","camera_07_45_2025__2025-10-23__14-59-02(1).JPG",2,2025-10-23
52,45,"Muntiacus_reevesi","2025-10-27 09:24:07","2025-10-27","09:24:07",325505,5425.1,90.4,3.8,"/Users/clarence/camera_trap/Species/Muntiacus_reevesi","camera_07_45_2025__2025-10-27__09-24-07(1).JPG",3,2025-10-27
53,45,"Muntiacus_reevesi","2025-10-30 16:49:40","2025-10-30","16:49:40",285933,4765.6,79.4,3.3,"/Users/clarence/camera_trap/Species/Muntiacus_reevesi","camera_07_45_2025__2025-10-30__16-49-40(2).JPG",1,2025-10-30
54,45,"Muntiacus_reevesi","2025-11-02 11:06:15","2025-11-02","11:06:15",238595,3976.6,66.3,2.8,"/Users/clarence/camera_trap/Species/Muntiacus_reevesi","camera_07_45_2025__2025-11-02__11-06-15(1).JPG",2,2025-11-02
55,45,"Muntiacus_reevesi","2025-11-02 16:06:44","2025-11-02","16:06:44",18029,300.5,5,0.2,"/Users/clarence/camera_trap/Species/Muntiacus_reevesi","camera_07_45_2025__2025-11-02__16-06-44(1).JPG",3,2025-11-02
56,45,"Muntiacus_reevesi","2025-11-03 09:14:18","2025-11-03","09:14:18",61654,1027.6,17.1,0.7,"/Users/clarence/camera_trap/Species/Muntiacus_reevesi","camera_07_45_2025__2025-11-03__09-14-18(1).JPG",2,2025-11-03
57,45,"Muntiacus_reevesi","2025-11-08 09:41:17","2025-11-08","09:41:17",433619,7227,120.4,5,"/Users/clarence/camera_trap/Species/Muntiacus_reevesi","camera_07_45_2025__2025-11-08__09-41-17(2).JPG",2,2025-11-08
58,45,"Muntiacus_reevesi","2025-11-09 09:16:58","2025-11-09","09:16:58",84941,1415.7,23.6,1,"/Users/clarence/camera_trap/Species/Muntiacus_reevesi","camera_07_45_2025__2025-11-09__09-16-58(2).JPG",3,2025-11-09
59,45,"Muntiacus_reevesi","2025-11-09 15:39:05","2025-11-09","15:39:05",22927,382.1,6.4,0.3,"/Users/clarence/camera_trap/Species/Muntiacus_reevesi","camera_07_45_2025__2025-11-09__15-39-05(1).JPG",2,2025-11-09
60,45,"Muntiacus_reevesi","2025-11-10 15:22:25","2025-11-10","15:22:25",85400,1423.3,23.7,1,"/Users/clarence/camera_trap/Species/Muntiacus_reevesi","camera_07_45_2025__2025-11-10__15-22-25(3).JPG",1,2025-11-10
61,45,"Muntiacus_reevesi","2025-11-12 10:14:16","2025-11-12","10:14:16",154311,2571.8,42.9,1.8,"/Users/clarence/camera_trap/Species/Muntiacus_reevesi","camera_07_45_2025__2025-11-12__10-14-16(1).JPG",2,2025-11-12
62,45,"Muntiacus_reevesi","2025-11-13 13:26:57","2025-11-13","13:26:57",97961,1632.7,27.2,1.1,"/Users/clarence/camera_trap/Species/Muntiacus_reevesi","camera_07_45_2025__2025-11-13__13-26-57(1).JPG",2,2025-11-13
63,45,"Muntiacus_reevesi","2025-11-15 09:56:14","2025-11-15","09:56:14",160157,2669.3,44.5,1.9,"/Users/clarence/camera_trap/Species/Muntiacus_reevesi","camera_07_45_2025__2025-11-15__09-56-14(1).JPG",2,2025-11-15
64,45,"Muntiacus_reevesi","2025-11-18 16:00:44","2025-11-18","16:00:44",281070,4684.5,78.1,3.3,"/Users/clarence/camera_trap/Species/Muntiacus_reevesi","camera_07_45_2025__2025-11-18__16-00-44(1).JPG",3,2025-11-18
65,45,"Muntiacus_reevesi","2025-11-21 09:42:05","2025-11-21","09:42:05",236481,3941.3,65.7,2.7,"/Users/clarence/camera_trap/Species/Muntiacus_reevesi","camera_07_45_2025__2025-11-21__09-42-05(1).JPG",2,2025-11-21
66,45,"Muntiacus_reevesi","2025-11-21 10:33:19","2025-11-21","10:33:19",3074,51.2,0.9,0,"/Users/clarence/camera_trap/Species/Muntiacus_reevesi","camera_07_45_2025__2025-11-21__10-33-19(2).JPG",2,2025-11-21
67,45,"Muntiacus_reevesi","2025-11-21 14:21:24","2025-11-21","14:21:24",13685,228.1,3.8,0.2,"/Users/clarence/camera_trap/Species/Muntiacus_reevesi","camera_07_45_2025__2025-11-21__14-21-24(3).JPG",1,2025-11-21
68,45,"Muntiacus_reevesi","2025-11-22 14:54:44","2025-11-22","14:54:44",88400,1473.3,24.6,1,"/Users/clarence/camera_trap/Species/Muntiacus_reevesi","camera_07_45_2025__2025-11-22__14-54-44(1).JPG",6,2025-11-22
69,45,"Oryctolagus_cuniculus","2025-10-08 22:20:25","2025-10-08","22:20:25",0,0,0,0,"/Users/clarence/camera_trap/Species/Oryctolagus_cuniculus","camera_07_45_2025__2025-10-08__22-20-25(3).JPG",1,2025-10-08
70,45,"Oryctolagus_cuniculus","2025-10-10 04:12:11","2025-10-10","04:12:11",107506,1791.8,29.9,1.2,"/Users/clarence/camera_trap/Species/Oryctolagus_cuniculus","camera_07_45_2025__2025-10-10__04-12-11(2).JPG",2,2025-10-10
71,45,"Oryctolagus_cuniculus","2025-10-10 21:12:19","2025-10-10","21:12:19",61208,1020.1,17,0.7,"/Users/clarence/camera_trap/Species/Oryctolagus_cuniculus","camera_07_45_2025__2025-10-10__21-12-19(3).JPG",1,2025-10-10
72,45,"Oryctolagus_cuniculus","2025-10-11 23:52:17","2025-10-11","23:52:17",95998,1600,26.7,1.1,"/Users/clarence/camera_trap/Species/Oryctolagus_cuniculus","camera_07_45_2025__2025-10-11__23-52-17(1).JPG",2,2025-10-11
73,45,"Oryctolagus_cuniculus","2025-10-12 05:14:16","2025-10-12","05:14:16",19319,322,5.4,0.2,"/Users/clarence/camera_trap/Species/Oryctolagus_cuniculus","camera_07_45_2025__2025-10-12__05-14-16(3).JPG",1,2025-10-12
74,45,"Oryctolagus_cuniculus","2025-10-12 21:08:42","2025-10-12","21:08:42",57266,954.4,15.9,0.7,"/Users/clarence/camera_trap/Species/Oryctolagus_cuniculus","camera_07_45_2025__2025-10-12__21-08-42(2).JPG",1,2025-10-12
75,45,"Oryctolagus_cuniculus","2025-10-14 17:15:00","2025-10-14","17:15:00",158778,2646.3,44.1,1.8,"/Users/clarence/camera_trap/Species/Oryctolagus_cuniculus","camera_07_45_2025__2025-10-14__17-15-00(1).JPG",1,2025-10-14
76,45,"Oryctolagus_cuniculus","2025-10-19 04:56:20","2025-10-19","04:56:20",387680,6461.3,107.7,4.5,"/Users/clarence/camera_trap/Species/Oryctolagus_cuniculus","camera_07_45_2025__2025-10-19__04-56-20(2).JPG",2,2025-10-19
77,45,"Oryctolagus_cuniculus","2025-10-20 23:26:59","2025-10-20","23:26:59",153039,2550.7,42.5,1.8,"/Users/clarence/camera_trap/Species/Oryctolagus_cuniculus","camera_07_45_2025__2025-10-20__23-26-59(1).JPG",3,2025-10-20
78,45,"Oryctolagus_cuniculus","2025-10-21 06:52:06","2025-10-21","06:52:06",26707,445.1,7.4,0.3,"/Users/clarence/camera_trap/Species/Oryctolagus_cuniculus","camera_07_45_2025__2025-10-21__06-52-06(1).JPG",2,2025-10-21
79,45,"Oryctolagus_cuniculus","2025-10-21 23:32:08","2025-10-21","23:32:08",60002,1000,16.7,0.7,"/Users/clarence/camera_trap/Species/Oryctolagus_cuniculus","camera_07_45_2025__2025-10-21__23-32-08(2).JPG",1,2025-10-21
80,45,"Oryctolagus_cuniculus","2025-10-23 15:07:10","2025-10-23","15:07:10",142502,2375,39.6,1.7,"/Users/clarence/camera_trap/Species/Oryctolagus_cuniculus","camera_07_45_2025__2025-10-23__15-07-10(1).JPG",2,2025-10-23
81,45,"Oryctolagus_cuniculus","2025-10-24 15:43:39","2025-10-24","15:43:39",88589,1476.5,24.6,1,"/Users/clarence/camera_trap/Species/Oryctolagus_cuniculus","camera_07_45_2025__2025-10-24__15-43-39(2).JPG",1,2025-10-24
82,45,"Oryctolagus_cuniculus","2025-10-25 16:15:28","2025-10-25","16:15:28",88309,1471.8,24.5,1,"/Users/clarence/camera_trap/Species/Oryctolagus_cuniculus","camera_07_45_2025__2025-10-25__16-15-28(1).JPG",2,2025-10-25
83,45,"Oryctolagus_cuniculus","2025-11-04 10:13:22","2025-11-04","10:13:22",842274,14037.9,234,9.8,"/Users/clarence/camera_trap/Species/Oryctolagus_cuniculus","camera_07_45_2025__2025-11-04__10-13-22(3).JPG",1,2025-11-04
84,45,"Oryctolagus_cuniculus","2025-11-08 09:12:55","2025-11-08","09:12:55",341973,5699.6,95,4,"/Users/clarence/camera_trap/Species/Oryctolagus_cuniculus","camera_07_45_2025__2025-11-08__09-12-55(2).JPG",2,2025-11-08
85,45,"Phasianus_colchicus","2025-10-08 12:06:58","2025-10-08","12:06:58",0,0,0,0,"/Users/clarence/camera_trap/Species/Phasianus_colchicus","camera_07_45_2025__2025-10-08__12-06-58(1).JPG",2,2025-10-08
86,45,"Phasianus_colchicus","2025-10-08 14:35:05","2025-10-08","14:35:05",8887,148.1,2.5,0.1,"/Users/clarence/camera_trap/Species/Phasianus_colchicus","camera_07_45_2025__2025-10-08__14-35-05(2).JPG",1,2025-10-08
87,45,"Phasianus_colchicus","2025-10-09 13:51:10","2025-10-09","13:51:10",83765,1396.1,23.3,1,"/Users/clarence/camera_trap/Species/Phasianus_colchicus","camera_07_45_2025__2025-10-09__13-51-10(1).JPG",1,2025-10-09
88,45,"Phasianus_colchicus","2025-10-09 18:17:18","2025-10-09","18:17:18",15968,266.1,4.4,0.2,"/Users/clarence/camera_trap/Species/Phasianus_colchicus","camera_07_45_2025__2025-10-09__18-17-18(3).JPG",1,2025-10-09
89,45,"Phasianus_colchicus","2025-10-12 17:08:15","2025-10-12","17:08:15",255057,4251,70.8,2.9,"/Users/clarence/camera_trap/Species/Phasianus_colchicus","camera_07_45_2025__2025-10-12__17-08-15(2).JPG",2,2025-10-12
90,45,"Phasianus_colchicus","2025-10-14 08:21:27","2025-10-14","08:21:27",141192,2353.2,39.2,1.6,"/Users/clarence/camera_trap/Species/Phasianus_colchicus","camera_07_45_2025__2025-10-14__08-21-27(1).JPG",2,2025-10-14
91,45,"Phasianus_colchicus","2025-10-15 17:23:02","2025-10-15","17:23:02",118895,1981.6,33,1.4,"/Users/clarence/camera_trap/Species/Phasianus_colchicus","camera_07_45_2025__2025-10-15__17-23-02(1).JPG",3,2025-10-15
92,45,"Phasianus_colchicus","2025-10-16 07:39:58","2025-10-16","07:39:58",51416,856.9,14.3,0.6,"/Users/clarence/camera_trap/Species/Phasianus_colchicus","camera_07_45_2025__2025-10-16__07-39-58(2).JPG",2,2025-10-16
93,45,"Phasianus_colchicus","2025-10-16 17:10:08","2025-10-16","17:10:08",34210,570.2,9.5,0.4,"/Users/clarence/camera_trap/Species/Phasianus_colchicus","camera_07_45_2025__2025-10-16__17-10-08(1).JPG",2,2025-10-16
94,45,"Phasianus_colchicus","2025-10-17 15:12:50","2025-10-17","15:12:50",79362,1322.7,22,0.9,"/Users/clarence/camera_trap/Species/Phasianus_colchicus","camera_07_45_2025__2025-10-17__15-12-50(2).JPG",1,2025-10-17
95,45,"Phasianus_colchicus","2025-10-17 17:32:07","2025-10-17","17:32:07",8357,139.3,2.3,0.1,"/Users/clarence/camera_trap/Species/Phasianus_colchicus","camera_07_45_2025__2025-10-17__17-32-07(1).JPG",1,2025-10-17
96,45,"Phasianus_colchicus","2025-10-20 17:25:48","2025-10-20","17:25:48",258821,4313.7,71.9,3,"/Users/clarence/camera_trap/Species/Phasianus_colchicus","camera_07_45_2025__2025-10-20__17-25-48(1).JPG",4,2025-10-20
97,45,"Phasianus_colchicus","2025-10-22 14:39:38","2025-10-22","14:39:38",162830,2713.8,45.2,1.9,"/Users/clarence/camera_trap/Species/Phasianus_colchicus","camera_07_45_2025__2025-10-22__14-39-38(1).JPG",3,2025-10-22
98,45,"Phasianus_colchicus","2025-10-23 12:36:48","2025-10-23","12:36:48",79030,1317.2,22,0.9,"/Users/clarence/camera_trap/Species/Phasianus_colchicus","camera_07_45_2025__2025-10-23__12-36-48(1).JPG",2,2025-10-23
99,45,"Phasianus_colchicus","2025-10-23 13:16:51","2025-10-23","13:16:51",2403,40,0.7,0,"/Users/clarence/camera_trap/Species/Phasianus_colchicus","camera_07_45_2025__2025-10-23__13-16-51(1).JPG",2,2025-10-23
100,45,"Phasianus_colchicus","2025-10-23 14:39:48","2025-10-23","14:39:48",4977,83,1.4,0.1,"/Users/clarence/camera_trap/Species/Phasianus_colchicus","camera_07_45_2025__2025-10-23__14-39-48(1).JPG",2,2025-10-23
101,45,"Phasianus_colchicus","2025-10-24 14:22:32","2025-10-24","14:22:32",85364,1422.7,23.7,1,"/Users/clarence/camera_trap/Species/Phasianus_colchicus","camera_07_45_2025__2025-10-24__14-22-32(1).JPG",4,2025-10-24
102,45,"Phasianus_colchicus","2025-10-24 16:24:06","2025-10-24","16:24:06",7294,121.6,2,0.1,"/Users/clarence/camera_trap/Species/Phasianus_colchicus","camera_07_45_2025__2025-10-24__16-24-06(1).JPG",4,2025-10-24
103,45,"Phasianus_colchicus","2025-10-25 09:11:35","2025-10-25","09:11:35",60449,1007.5,16.8,0.7,"/Users/clarence/camera_trap/Species/Phasianus_colchicus","camera_07_45_2025__2025-10-25__09-11-35(1).JPG",2,2025-10-25
104,45,"Phasianus_colchicus","2025-10-26 13:49:51","2025-10-26","13:49:51",103096,1718.3,28.6,1.2,"/Users/clarence/camera_trap/Species/Phasianus_colchicus","camera_07_45_2025__2025-10-26__13-49-51(1).JPG",2,2025-10-26
105,45,"Phasianus_colchicus","2025-10-26 15:33:05","2025-10-26","15:33:05",6194,103.2,1.7,0.1,"/Users/clarence/camera_trap/Species/Phasianus_colchicus","camera_07_45_2025__2025-10-26__15-33-05(1).JPG",4,2025-10-26
106,45,"Phasianus_colchicus","2025-10-30 12:05:17","2025-10-30","12:05:17",333132,5552.2,92.5,3.9,"/Users/clarence/camera_trap/Species/Phasianus_colchicus","camera_07_45_2025__2025-10-30__12-05-17(2).JPG",2,2025-10-30
107,45,"Phasianus_colchicus","2025-10-31 15:14:44","2025-10-31","15:14:44",97767,1629.4,27.2,1.1,"/Users/clarence/camera_trap/Species/Phasianus_colchicus","camera_07_45_2025__2025-10-31__15-14-44(1).JPG",1,2025-10-31
108,45,"Phasianus_colchicus","2025-11-01 13:25:21","2025-11-01","13:25:21",79837,1330.6,22.2,0.9,"/Users/clarence/camera_trap/Species/Phasianus_colchicus","camera_07_45_2025__2025-11-01__13-25-21(3).JPG",3,2025-11-01
109,45,"Phasianus_colchicus","2025-11-01 15:48:50","2025-11-01","15:48:50",8609,143.5,2.4,0.1,"/Users/clarence/camera_trap/Species/Phasianus_colchicus","camera_07_45_2025__2025-11-01__15-48-50(1).JPG",2,2025-11-01
110,45,"Phasianus_colchicus","2025-11-02 10:41:49","2025-11-02","10:41:49",67979,1133,18.9,0.8,"/Users/clarence/camera_trap/Species/Phasianus_colchicus","camera_07_45_2025__2025-11-02__10-41-49(1).JPG",1,2025-11-02
111,45,"Phasianus_colchicus","2025-11-02 16:08:37","2025-11-02","16:08:37",19608,326.8,5.4,0.2,"/Users/clarence/camera_trap/Species/Phasianus_colchicus","camera_07_45_2025__2025-11-02__16-08-37(3).JPG",1,2025-11-02
112,45,"Phasianus_colchicus","2025-11-03 16:30:44","2025-11-03","16:30:44",87727,1462.1,24.4,1,"/Users/clarence/camera_trap/Species/Phasianus_colchicus","camera_07_45_2025__2025-11-03__16-30-44(2).JPG",1,2025-11-03
113,45,"Phasianus_colchicus","2025-11-04 16:18:54","2025-11-04","16:18:54",85690,1428.2,23.8,1,"/Users/clarence/camera_trap/Species/Phasianus_colchicus","camera_07_45_2025__2025-11-04__16-18-54(2).JPG",1,2025-11-04
114,45,"Phasianus_colchicus","2025-11-05 15:55:56","2025-11-05","15:55:56",85022,1417,23.6,1,"/Users/clarence/camera_trap/Species/Phasianus_colchicus","camera_07_45_2025__2025-11-05__15-55-56(2).JPG",3,2025-11-05
115,45,"Phasianus_colchicus","2025-11-06 16:14:06","2025-11-06","16:14:06",87490,1458.2,24.3,1,"/Users/clarence/camera_trap/Species/Phasianus_colchicus","camera_07_45_2025__2025-11-06__16-14-06(2).JPG",2,2025-11-06
116,45,"Phasianus_colchicus","2025-11-07 14:44:21","2025-11-07","14:44:21",81015,1350.2,22.5,0.9,"/Users/clarence/camera_trap/Species/Phasianus_colchicus","camera_07_45_2025__2025-11-07__14-44-21(2).JPG",1,2025-11-07
117,45,"Phasianus_colchicus","2025-11-12 15:07:44","2025-11-12","15:07:44",433403,7223.4,120.4,5,"/Users/clarence/camera_trap/Species/Phasianus_colchicus","camera_07_45_2025__2025-11-12__15-07-44(3).JPG",1,2025-11-12
118,45,"Phasianus_colchicus","2025-11-20 15:22:11","2025-11-20","15:22:11",692067,11534.5,192.2,8,"/Users/clarence/camera_trap/Species/Phasianus_colchicus","camera_07_45_2025__2025-11-20__15-22-11(1).JPG",5,2025-11-20
119,45,"Phasianus_colchicus","2025-11-20 16:17:41","2025-11-20","16:17:41",3330,55.5,0.9,0,"/Users/clarence/camera_trap/Species/Phasianus_colchicus","camera_07_45_2025__2025-11-20__16-17-41(2).JPG",2,2025-11-20
120,45,"Phasianus_colchicus","2025-11-21 13:41:11","2025-11-21","13:41:11",77010,1283.5,21.4,0.9,"/Users/clarence/camera_trap/Species/Phasianus_colchicus","camera_07_45_2025__2025-11-21__13-41-11(2).JPG",2,2025-11-21
121,45,"Phasianus_colchicus","2025-11-23 13:47:15","2025-11-23","13:47:15",173164,2886.1,48.1,2,"/Users/clarence/camera_trap/Species/Phasianus_colchicus","camera_07_45_2025__2025-11-23__13-47-15(1).JPG",2,2025-11-23
122,45,"Sciurus_carolinensis","2025-10-08 13:25:26","2025-10-08","13:25:26",0,0,0,0,"/Users/clarence/camera_trap/Species/Sciurus_carolinensis","camera_07_45_2025__2025-10-08__13-25-26(1).JPG",2,2025-10-08
123,45,"Sciurus_carolinensis","2025-10-09 10:16:54","2025-10-09","10:16:54",75088,1251.5,20.9,0.9,"/Users/clarence/camera_trap/Species/Sciurus_carolinensis","camera_07_45_2025__2025-10-09__10-16-54(1).JPG",2,2025-10-09
124,45,"Sciurus_carolinensis","2025-10-09 12:04:17","2025-10-09","12:04:17",6443,107.4,1.8,0.1,"/Users/clarence/camera_trap/Species/Sciurus_carolinensis","camera_07_45_2025__2025-10-09__12-04-17(1).JPG",2,2025-10-09
125,45,"Sciurus_carolinensis","2025-10-10 12:42:28","2025-10-10","12:42:28",88691,1478.2,24.6,1,"/Users/clarence/camera_trap/Species/Sciurus_carolinensis","camera_07_45_2025__2025-10-10__12-42-28(2).JPG",2,2025-10-10
126,45,"Sciurus_carolinensis","2025-10-10 13:19:51","2025-10-10","13:19:51",2243,37.4,0.6,0,"/Users/clarence/camera_trap/Species/Sciurus_carolinensis","camera_07_45_2025__2025-10-10__13-19-51(3).JPG",1,2025-10-10
127,45,"Sciurus_carolinensis","2025-10-11 08:21:31","2025-10-11","08:21:31",68500,1141.7,19,0.8,"/Users/clarence/camera_trap/Species/Sciurus_carolinensis","camera_07_45_2025__2025-10-11__08-21-31(1).JPG",1,2025-10-11
128,45,"Sciurus_carolinensis","2025-10-11 10:17:37","2025-10-11","10:17:37",6966,116.1,1.9,0.1,"/Users/clarence/camera_trap/Species/Sciurus_carolinensis","camera_07_45_2025__2025-10-11__10-17-37(1).JPG",1,2025-10-11
129,45,"Sciurus_carolinensis","2025-10-12 09:28:36","2025-10-12","09:28:36",83459,1391,23.2,1,"/Users/clarence/camera_trap/Species/Sciurus_carolinensis","camera_07_45_2025__2025-10-12__09-28-36(1).JPG",4,2025-10-12
130,45,"Sciurus_carolinensis","2025-10-12 11:52:47","2025-10-12","11:52:47",8651,144.2,2.4,0.1,"/Users/clarence/camera_trap/Species/Sciurus_carolinensis","camera_07_45_2025__2025-10-12__11-52-47(1).JPG",1,2025-10-12
131,45,"Sciurus_carolinensis","2025-10-13 11:42:14","2025-10-13","11:42:14",85767,1429.4,23.8,1,"/Users/clarence/camera_trap/Species/Sciurus_carolinensis","camera_07_45_2025__2025-10-13__11-42-14(2).JPG",4,2025-10-13
132,45,"Sciurus_carolinensis","2025-10-13 13:40:50","2025-10-13","13:40:50",7116,118.6,2,0.1,"/Users/clarence/camera_trap/Species/Sciurus_carolinensis","camera_07_45_2025__2025-10-13__13-40-50(1).JPG",4,2025-10-13
133,45,"Sciurus_carolinensis","2025-10-14 13:23:12","2025-10-14","13:23:12",85342,1422.4,23.7,1,"/Users/clarence/camera_trap/Species/Sciurus_carolinensis","camera_07_45_2025__2025-10-14__13-23-12(3).JPG",1,2025-10-14
134,45,"Sciurus_carolinensis","2025-10-14 14:54:34","2025-10-14","14:54:34",5482,91.4,1.5,0.1,"/Users/clarence/camera_trap/Species/Sciurus_carolinensis","camera_07_45_2025__2025-10-14__14-54-34(1).JPG",4,2025-10-14
135,45,"Sciurus_carolinensis","2025-10-14 16:26:40","2025-10-14","16:26:40",5526,92.1,1.5,0.1,"/Users/clarence/camera_trap/Species/Sciurus_carolinensis","camera_07_45_2025__2025-10-14__16-26-40(1).JPG",3,2025-10-14
136,45,"Sciurus_carolinensis","2025-10-15 09:43:16","2025-10-15","09:43:16",62196,1036.6,17.3,0.7,"/Users/clarence/camera_trap/Species/Sciurus_carolinensis","camera_07_45_2025__2025-10-15__09-43-16(1).JPG",2,2025-10-15
137,45,"Sciurus_carolinensis","2025-10-15 11:45:58","2025-10-15","11:45:58",7362,122.7,2,0.1,"/Users/clarence/camera_trap/Species/Sciurus_carolinensis","camera_07_45_2025__2025-10-15__11-45-58(3).JPG",2,2025-10-15
138,45,"Sciurus_carolinensis","2025-10-16 09:51:31","2025-10-16","09:51:31",79533,1325.6,22.1,0.9,"/Users/clarence/camera_trap/Species/Sciurus_carolinensis","camera_07_45_2025__2025-10-16__09-51-31(1).JPG",2,2025-10-16
139,45,"Sciurus_carolinensis","2025-10-16 12:25:36","2025-10-16","12:25:36",9245,154.1,2.6,0.1,"/Users/clarence/camera_trap/Species/Sciurus_carolinensis","camera_07_45_2025__2025-10-16__12-25-36(2).JPG",2,2025-10-16
140,45,"Sciurus_carolinensis","2025-10-16 17:58:24","2025-10-16","17:58:24",19968,332.8,5.5,0.2,"/Users/clarence/camera_trap/Species/Sciurus_carolinensis","camera_07_45_2025__2025-10-16__17-58-24(1).JPG",1,2025-10-16
141,45,"Sciurus_carolinensis","2025-10-17 08:53:41","2025-10-17","08:53:41",53717,895.3,14.9,0.6,"/Users/clarence/camera_trap/Species/Sciurus_carolinensis","camera_07_45_2025__2025-10-17__08-53-41(1).JPG",1,2025-10-17
142,45,"Sciurus_carolinensis","2025-10-17 15:44:33","2025-10-17","15:44:33",24652,410.9,6.8,0.3,"/Users/clarence/camera_trap/Species/Sciurus_carolinensis","camera_07_45_2025__2025-10-17__15-44-33(1).JPG",2,2025-10-17
143,45,"Sciurus_carolinensis","2025-10-17 16:50:25","2025-10-17","16:50:25",3952,65.9,1.1,0,"/Users/clarence/camera_trap/Species/Sciurus_carolinensis","camera_07_45_2025__2025-10-17__16-50-25(1).JPG",1,2025-10-17
144,45,"Sciurus_carolinensis","2025-10-18 15:24:48","2025-10-18","15:24:48",81263,1354.4,22.6,0.9,"/Users/clarence/camera_trap/Species/Sciurus_carolinensis","camera_07_45_2025__2025-10-18__15-24-48(1).JPG",1,2025-10-18
145,45,"Sciurus_carolinensis","2025-10-19 09:15:15","2025-10-19","09:15:15",64227,1070.4,17.8,0.7,"/Users/clarence/camera_trap/Species/Sciurus_carolinensis","camera_07_45_2025__2025-10-19__09-15-15(1).JPG",2,2025-10-19
146,45,"Sciurus_carolinensis","2025-10-19 11:58:03","2025-10-19","11:58:03",9768,162.8,2.7,0.1,"/Users/clarence/camera_trap/Species/Sciurus_carolinensis","camera_07_45_2025__2025-10-19__11-58-03(1).JPG",3,2025-10-19
147,45,"Sciurus_carolinensis","2025-10-19 12:41:37","2025-10-19","12:41:37",2614,43.6,0.7,0,"/Users/clarence/camera_trap/Species/Sciurus_carolinensis","camera_07_45_2025__2025-10-19__12-41-37(1).JPG",1,2025-10-19
148,45,"Sciurus_carolinensis","2025-10-19 13:31:55","2025-10-19","13:31:55",3018,50.3,0.8,0,"/Users/clarence/camera_trap/Species/Sciurus_carolinensis","camera_07_45_2025__2025-10-19__13-31-55(2).JPG",2,2025-10-19
149,45,"Sciurus_carolinensis","2025-10-20 07:44:51","2025-10-20","07:44:51",65576,1092.9,18.2,0.8,"/Users/clarence/camera_trap/Species/Sciurus_carolinensis","camera_07_45_2025__2025-10-20__07-44-51(3).JPG",1,2025-10-20
150,45,"Sciurus_carolinensis","2025-10-20 15:31:17","2025-10-20","15:31:17",27986,466.4,7.8,0.3,"/Users/clarence/camera_trap/Species/Sciurus_carolinensis","camera_07_45_2025__2025-10-20__15-31-17(2).JPG",2,2025-10-20
151,45,"Sciurus_carolinensis","2025-10-20 17:18:51","2025-10-20","17:18:51",6454,107.6,1.8,0.1,"/Users/clarence/camera_trap/Species/Sciurus_carolinensis","camera_07_45_2025__2025-10-20__17-18-51(1).JPG",1,2025-10-20
152,45,"Sciurus_carolinensis","2025-10-21 13:26:21","2025-10-21","13:26:21",72450,1207.5,20.1,0.8,"/Users/clarence/camera_trap/Species/Sciurus_carolinensis","camera_07_45_2025__2025-10-21__13-26-21(1).JPG",2,2025-10-21
153,45,"Sciurus_carolinensis","2025-10-21 17:21:25","2025-10-21","17:21:25",14104,235.1,3.9,0.2,"/Users/clarence/camera_trap/Species/Sciurus_carolinensis","camera_07_45_2025__2025-10-21__17-21-25(1).JPG",1,2025-10-21
154,45,"Sciurus_carolinensis","2025-10-22 09:09:32","2025-10-22","09:09:32",56887,948.1,15.8,0.7,"/Users/clarence/camera_trap/Species/Sciurus_carolinensis","camera_07_45_2025__2025-10-22__09-09-32(1).JPG",2,2025-10-22
155,45,"Sciurus_carolinensis","2025-10-22 10:21:19","2025-10-22","10:21:19",4307,71.8,1.2,0,"/Users/clarence/camera_trap/Species/Sciurus_carolinensis","camera_07_45_2025__2025-10-22__10-21-19(1).JPG",2,2025-10-22
156,45,"Sciurus_carolinensis","2025-10-22 12:25:14","2025-10-22","12:25:14",7435,123.9,2.1,0.1,"/Users/clarence/camera_trap/Species/Sciurus_carolinensis","camera_07_45_2025__2025-10-22__12-25-14(2).JPG",4,2025-10-22
157,45,"Sciurus_carolinensis","2025-10-22 14:10:00","2025-10-22","14:10:00",6286,104.8,1.7,0.1,"/Users/clarence/camera_trap/Species/Sciurus_carolinensis","camera_07_45_2025__2025-10-22__14-10-00(2).JPG",4,2025-10-22
158,45,"Sciurus_carolinensis","2025-10-22 14:54:11","2025-10-22","14:54:11",2651,44.2,0.7,0,"/Users/clarence/camera_trap/Species/Sciurus_carolinensis","camera_07_45_2025__2025-10-22__14-54-11(1).JPG",1,2025-10-22
159,45,"Sciurus_carolinensis","2025-10-22 15:41:46","2025-10-22","15:41:46",2855,47.6,0.8,0,"/Users/clarence/camera_trap/Species/Sciurus_carolinensis","camera_07_45_2025__2025-10-22__15-41-46(1).JPG",3,2025-10-22
160,45,"Sciurus_carolinensis","2025-10-23 15:30:02","2025-10-23","15:30:02",85696,1428.3,23.8,1,"/Users/clarence/camera_trap/Species/Sciurus_carolinensis","camera_07_45_2025__2025-10-23__15-30-02(1).JPG",5,2025-10-23
161,45,"Sciurus_carolinensis","2025-10-24 10:36:19","2025-10-24","10:36:19",68777,1146.3,19.1,0.8,"/Users/clarence/camera_trap/Species/Sciurus_carolinensis","camera_07_45_2025__2025-10-24__10-36-19(1).JPG",1,2025-10-24
162,45,"Sciurus_carolinensis","2025-10-24 11:27:44","2025-10-24","11:27:44",3085,51.4,0.9,0,"/Users/clarence/camera_trap/Species/Sciurus_carolinensis","camera_07_45_2025__2025-10-24__11-27-44(3).JPG",1,2025-10-24
163,45,"Sciurus_carolinensis","2025-10-24 13:21:12","2025-10-24","13:21:12",6808,113.5,1.9,0.1,"/Users/clarence/camera_trap/Species/Sciurus_carolinensis","camera_07_45_2025__2025-10-24__13-21-12(2).JPG",1,2025-10-24
164,45,"Sciurus_carolinensis","2025-10-24 14:47:15","2025-10-24","14:47:15",5163,86,1.4,0.1,"/Users/clarence/camera_trap/Species/Sciurus_carolinensis","camera_07_45_2025__2025-10-24__14-47-15(3).JPG",2,2025-10-24
165,45,"Sciurus_carolinensis","2025-10-25 09:14:21","2025-10-25","09:14:21",66426,1107.1,18.5,0.8,"/Users/clarence/camera_trap/Species/Sciurus_carolinensis","camera_07_45_2025__2025-10-25__09-14-21(3).JPG",1,2025-10-25
166,45,"Sciurus_carolinensis","2025-10-25 10:29:33","2025-10-25","10:29:33",4512,75.2,1.3,0.1,"/Users/clarence/camera_trap/Species/Sciurus_carolinensis","camera_07_45_2025__2025-10-25__10-29-33(1).JPG",4,2025-10-25
167,45,"Sciurus_carolinensis","2025-10-26 13:02:35","2025-10-26","13:02:35",95582,1593,26.6,1.1,"/Users/clarence/camera_trap/Species/Sciurus_carolinensis","camera_07_45_2025__2025-10-26__13-02-35(1).JPG",3,2025-10-26
168,45,"Sciurus_carolinensis","2025-10-26 13:36:56","2025-10-26","13:36:56",2061,34.4,0.6,0,"/Users/clarence/camera_trap/Species/Sciurus_carolinensis","camera_07_45_2025__2025-10-26__13-36-56(1).JPG",6,2025-10-26
169,45,"Sciurus_carolinensis","2025-10-26 14:22:05","2025-10-26","14:22:05",2709,45.1,0.8,0,"/Users/clarence/camera_trap/Species/Sciurus_carolinensis","camera_07_45_2025__2025-10-26__14-22-05(1).JPG",2,2025-10-26
170,45,"Sciurus_carolinensis","2025-10-26 16:13:15","2025-10-26","16:13:15",6670,111.2,1.9,0.1,"/Users/clarence/camera_trap/Species/Sciurus_carolinensis","camera_07_45_2025__2025-10-26__16-13-15(1).JPG",2,2025-10-26
171,45,"Sciurus_carolinensis","2025-10-27 16:09:25","2025-10-27","16:09:25",86170,1436.2,23.9,1,"/Users/clarence/camera_trap/Species/Sciurus_carolinensis","camera_07_45_2025__2025-10-27__16-09-25(1).JPG",6,2025-10-27
172,45,"Sciurus_carolinensis","2025-10-28 12:45:36","2025-10-28","12:45:36",74171,1236.2,20.6,0.9,"/Users/clarence/camera_trap/Species/Sciurus_carolinensis","camera_07_45_2025__2025-10-28__12-45-36(1).JPG",2,2025-10-28
173,45,"Sciurus_carolinensis","2025-10-28 13:32:54","2025-10-28","13:32:54",2838,47.3,0.8,0,"/Users/clarence/camera_trap/Species/Sciurus_carolinensis","camera_07_45_2025__2025-10-28__13-32-54(2).JPG",4,2025-10-28
174,45,"Sciurus_carolinensis","2025-10-28 14:19:27","2025-10-28","14:19:27",2793,46.5,0.8,0,"/Users/clarence/camera_trap/Species/Sciurus_carolinensis","camera_07_45_2025__2025-10-28__14-19-27(2).JPG",1,2025-10-28
175,45,"Sciurus_carolinensis","2025-10-28 15:24:44","2025-10-28","15:24:44",3917,65.3,1.1,0,"/Users/clarence/camera_trap/Species/Sciurus_carolinensis","camera_07_45_2025__2025-10-28__15-24-44(1).JPG",4,2025-10-28
176,45,"Sciurus_carolinensis","2025-10-29 11:29:16","2025-10-29","11:29:16",72272,1204.5,20.1,0.8,"/Users/clarence/camera_trap/Species/Sciurus_carolinensis","camera_07_45_2025__2025-10-29__11-29-16(1).JPG",1,2025-10-29
177,45,"Sciurus_carolinensis","2025-10-29 12:10:20","2025-10-29","12:10:20",2464,41.1,0.7,0,"/Users/clarence/camera_trap/Species/Sciurus_carolinensis","camera_07_45_2025__2025-10-29__12-10-20(1).JPG",2,2025-10-29
178,45,"Sciurus_carolinensis","2025-10-29 14:39:11","2025-10-29","14:39:11",8931,148.8,2.5,0.1,"/Users/clarence/camera_trap/Species/Sciurus_carolinensis","camera_07_45_2025__2025-10-29__14-39-11(2).JPG",1,2025-10-29
179,45,"Sciurus_carolinensis","2025-10-30 09:39:39","2025-10-30","09:39:39",68428,1140.5,19,0.8,"/Users/clarence/camera_trap/Species/Sciurus_carolinensis","camera_07_45_2025__2025-10-30__09-39-39(3).JPG",1,2025-10-30
180,45,"Sciurus_carolinensis","2025-10-30 10:09:47","2025-10-30","10:09:47",1808,30.1,0.5,0,"/Users/clarence/camera_trap/Species/Sciurus_carolinensis","camera_07_45_2025__2025-10-30__10-09-47(2).JPG",2,2025-10-30
181,45,"Sciurus_carolinensis","2025-10-30 15:59:17","2025-10-30","15:59:17",20970,349.5,5.8,0.2,"/Users/clarence/camera_trap/Species/Sciurus_carolinensis","camera_07_45_2025__2025-10-30__15-59-17(2).JPG",3,2025-10-30
182,45,"Sciurus_carolinensis","2025-10-31 10:12:13","2025-10-31","10:12:13",65576,1092.9,18.2,0.8,"/Users/clarence/camera_trap/Species/Sciurus_carolinensis","camera_07_45_2025__2025-10-31__10-12-13(2).JPG",2,2025-10-31
183,45,"Sciurus_carolinensis","2025-10-31 14:48:10","2025-10-31","14:48:10",16557,276,4.6,0.2,"/Users/clarence/camera_trap/Species/Sciurus_carolinensis","camera_07_45_2025__2025-10-31__14-48-10(2).JPG",2,2025-10-31
184,45,"Sciurus_carolinensis","2025-10-31 15:26:28","2025-10-31","15:26:28",2298,38.3,0.6,0,"/Users/clarence/camera_trap/Species/Sciurus_carolinensis","camera_07_45_2025__2025-10-31__15-26-28(2).JPG",1,2025-10-31
185,45,"Sciurus_carolinensis","2025-11-01 10:52:31","2025-11-01","10:52:31",69963,1166,19.4,0.8,"/Users/clarence/camera_trap/Species/Sciurus_carolinensis","camera_07_45_2025__2025-11-01__10-52-31(1).JPG",4,2025-11-01
186,45,"Sciurus_carolinensis","2025-11-01 11:59:35","2025-11-01","11:59:35",4024,67.1,1.1,0,"/Users/clarence/camera_trap/Species/Sciurus_carolinensis","camera_07_45_2025__2025-11-01__11-59-35(1).JPG",2,2025-11-01
187,45,"Sciurus_carolinensis","2025-11-01 13:30:23","2025-11-01","13:30:23",5448,90.8,1.5,0.1,"/Users/clarence/camera_trap/Species/Sciurus_carolinensis","camera_07_45_2025__2025-11-01__13-30-23(2).JPG",2,2025-11-01
188,45,"Sciurus_carolinensis","2025-11-01 15:07:23","2025-11-01","15:07:23",5820,97,1.6,0.1,"/Users/clarence/camera_trap/Species/Sciurus_carolinensis","camera_07_45_2025__2025-11-01__15-07-23(1).JPG",1,2025-11-01
189,45,"Sciurus_carolinensis","2025-11-02 14:46:54","2025-11-02","14:46:54",85171,1419.5,23.7,1,"/Users/clarence/camera_trap/Species/Sciurus_carolinensis","camera_07_45_2025__2025-11-02__14-46-54(2).JPG",2,2025-11-02
190,45,"Sciurus_carolinensis","2025-11-03 09:25:52","2025-11-03","09:25:52",67138,1119,18.6,0.8,"/Users/clarence/camera_trap/Species/Sciurus_carolinensis","camera_07_45_2025__2025-11-03__09-25-52(1).JPG",1,2025-11-03
191,45,"Sciurus_carolinensis","2025-11-03 10:27:28","2025-11-03","10:27:28",3696,61.6,1,0,"/Users/clarence/camera_trap/Species/Sciurus_carolinensis","camera_07_45_2025__2025-11-03__10-27-28(1).JPG",1,2025-11-03
192,45,"Sciurus_carolinensis","2025-11-03 11:08:37","2025-11-03","11:08:37",2469,41.1,0.7,0,"/Users/clarence/camera_trap/Species/Sciurus_carolinensis","camera_07_45_2025__2025-11-03__11-08-37(3).JPG",1,2025-11-03
193,45,"Sciurus_carolinensis","2025-11-03 14:48:54","2025-11-03","14:48:54",13217,220.3,3.7,0.2,"/Users/clarence/camera_trap/Species/Sciurus_carolinensis","camera_07_45_2025__2025-11-03__14-48-54(1).JPG",3,2025-11-03
194,45,"Sciurus_carolinensis","2025-11-04 11:49:16","2025-11-04","11:49:16",75622,1260.4,21,0.9,"/Users/clarence/camera_trap/Species/Sciurus_carolinensis","camera_07_45_2025__2025-11-04__11-49-16(1).JPG",4,2025-11-04
195,45,"Sciurus_carolinensis","2025-11-04 12:27:08","2025-11-04","12:27:08",2272,37.9,0.6,0,"/Users/clarence/camera_trap/Species/Sciurus_carolinensis","camera_07_45_2025__2025-11-04__12-27-08(3).JPG",2,2025-11-04
196,45,"Sciurus_carolinensis","2025-11-04 13:03:05","2025-11-04","13:03:05",2157,36,0.6,0,"/Users/clarence/camera_trap/Species/Sciurus_carolinensis","camera_07_45_2025__2025-11-04__13-03-05(2).JPG",2,2025-11-04
197,45,"Sciurus_carolinensis","2025-11-04 14:38:29","2025-11-04","14:38:29",5724,95.4,1.6,0.1,"/Users/clarence/camera_trap/Species/Sciurus_carolinensis","camera_07_45_2025__2025-11-04__14-38-29(1).JPG",2,2025-11-04
198,45,"Sciurus_carolinensis","2025-11-05 11:21:59","2025-11-05","11:21:59",74610,1243.5,20.7,0.9,"/Users/clarence/camera_trap/Species/Sciurus_carolinensis","camera_07_45_2025__2025-11-05__11-21-59(1).JPG",2,2025-11-05
199,45,"Sciurus_carolinensis","2025-11-06 12:32:45","2025-11-06","12:32:45",90646,1510.8,25.2,1,"/Users/clarence/camera_trap/Species/Sciurus_carolinensis","camera_07_45_2025__2025-11-06__12-32-45(1).JPG",4,2025-11-06
200,45,"Sciurus_carolinensis","2025-11-06 14:44:47","2025-11-06","14:44:47",7922,132,2.2,0.1,"/Users/clarence/camera_trap/Species/Sciurus_carolinensis","camera_07_45_2025__2025-11-06__14-44-47(1).JPG",2,2025-11-06
201,45,"Sciurus_carolinensis","2025-11-06 15:28:56","2025-11-06","15:28:56",2649,44.1,0.7,0,"/Users/clarence/camera_trap/Species/Sciurus_carolinensis","camera_07_45_2025__2025-11-06__15-28-56(1).JPG",2,2025-11-06
202,45,"Sciurus_carolinensis","2025-11-06 16:23:19","2025-11-06","16:23:19",3263,54.4,0.9,0,"/Users/clarence/camera_trap/Species/Sciurus_carolinensis","camera_07_45_2025__2025-11-06__16-23-19(3).JPG",1,2025-11-06
203,45,"Sciurus_carolinensis","2025-11-07 09:30:32","2025-11-07","09:30:32",61633,1027.2,17.1,0.7,"/Users/clarence/camera_trap/Species/Sciurus_carolinensis","camera_07_45_2025__2025-11-07__09-30-32(1).JPG",1,2025-11-07
204,45,"Sciurus_carolinensis","2025-11-07 11:06:52","2025-11-07","11:06:52",5780,96.3,1.6,0.1,"/Users/clarence/camera_trap/Species/Sciurus_carolinensis","camera_07_45_2025__2025-11-07__11-06-52(1).JPG",2,2025-11-07
205,45,"Sciurus_carolinensis","2025-11-07 13:09:20","2025-11-07","13:09:20",7348,122.5,2,0.1,"/Users/clarence/camera_trap/Species/Sciurus_carolinensis","camera_07_45_2025__2025-11-07__13-09-20(1).JPG",1,2025-11-07
206,45,"Sciurus_carolinensis","2025-11-07 15:58:31","2025-11-07","15:58:31",10151,169.2,2.8,0.1,"/Users/clarence/camera_trap/Species/Sciurus_carolinensis","camera_07_45_2025__2025-11-07__15-58-31(1).JPG",3,2025-11-07
207,45,"Sciurus_carolinensis","2025-11-08 09:15:35","2025-11-08","09:15:35",62224,1037.1,17.3,0.7,"/Users/clarence/camera_trap/Species/Sciurus_carolinensis","camera_07_45_2025__2025-11-08__09-15-35(1).JPG",2,2025-11-08
208,45,"Sciurus_carolinensis","2025-11-08 09:58:06","2025-11-08","09:58:06",2551,42.5,0.7,0,"/Users/clarence/camera_trap/Species/Sciurus_carolinensis","camera_07_45_2025__2025-11-08__09-58-06(1).JPG",4,2025-11-08
209,45,"Sciurus_carolinensis","2025-11-08 11:27:20","2025-11-08","11:27:20",5354,89.2,1.5,0.1,"/Users/clarence/camera_trap/Species/Sciurus_carolinensis","camera_07_45_2025__2025-11-08__11-27-20(1).JPG",2,2025-11-08
210,45,"Sciurus_carolinensis","2025-11-08 12:30:59","2025-11-08","12:30:59",3819,63.6,1.1,0,"/Users/clarence/camera_trap/Species/Sciurus_carolinensis","camera_07_45_2025__2025-11-08__12-30-59(1).JPG",2,2025-11-08
211,45,"Sciurus_carolinensis","2025-11-08 13:31:52","2025-11-08","13:31:52",3653,60.9,1,0,"/Users/clarence/camera_trap/Species/Sciurus_carolinensis","camera_07_45_2025__2025-11-08__13-31-52(1).JPG",2,2025-11-08
212,45,"Sciurus_carolinensis","2025-11-08 15:48:07","2025-11-08","15:48:07",8175,136.2,2.3,0.1,"/Users/clarence/camera_trap/Species/Sciurus_carolinensis","camera_07_45_2025__2025-11-08__15-48-07(3).JPG",1,2025-11-08
213,45,"Sciurus_carolinensis","2025-11-09 09:24:53","2025-11-09","09:24:53",63406,1056.8,17.6,0.7,"/Users/clarence/camera_trap/Species/Sciurus_carolinensis","camera_07_45_2025__2025-11-09__09-24-53(2).JPG",1,2025-11-09
214,45,"Sciurus_carolinensis","2025-11-09 11:22:46","2025-11-09","11:22:46",7073,117.9,2,0.1,"/Users/clarence/camera_trap/Species/Sciurus_carolinensis","camera_07_45_2025__2025-11-09__11-22-46(1).JPG",2,2025-11-09
215,45,"Sciurus_carolinensis","2025-11-09 12:28:18","2025-11-09","12:28:18",3932,65.5,1.1,0,"/Users/clarence/camera_trap/Species/Sciurus_carolinensis","camera_07_45_2025__2025-11-09__12-28-18(2).JPG",2,2025-11-09
216,45,"Sciurus_carolinensis","2025-11-09 13:06:42","2025-11-09","13:06:42",2304,38.4,0.6,0,"/Users/clarence/camera_trap/Species/Sciurus_carolinensis","camera_07_45_2025__2025-11-09__13-06-42(1).JPG",2,2025-11-09
217,45,"Sciurus_carolinensis","2025-11-09 15:35:48","2025-11-09","15:35:48",8946,149.1,2.5,0.1,"/Users/clarence/camera_trap/Species/Sciurus_carolinensis","camera_07_45_2025__2025-11-09__15-35-48(1).JPG",6,2025-11-09
218,45,"Sciurus_carolinensis","2025-11-10 09:53:50","2025-11-10","09:53:50",65882,1098,18.3,0.8,"/Users/clarence/camera_trap/Species/Sciurus_carolinensis","camera_07_45_2025__2025-11-10__09-53-50(1).JPG",3,2025-11-10
219,45,"Sciurus_carolinensis","2025-11-10 10:52:44","2025-11-10","10:52:44",3534,58.9,1,0,"/Users/clarence/camera_trap/Species/Sciurus_carolinensis","camera_07_45_2025__2025-11-10__10-52-44(1).JPG",4,2025-11-10
220,45,"Sciurus_carolinensis","2025-11-11 09:37:11","2025-11-11","09:37:11",81867,1364.4,22.7,0.9,"/Users/clarence/camera_trap/Species/Sciurus_carolinensis","camera_07_45_2025__2025-11-11__09-37-11(3).JPG",1,2025-11-11
221,45,"Sciurus_carolinensis","2025-11-11 14:45:18","2025-11-11","14:45:18",18487,308.1,5.1,0.2,"/Users/clarence/camera_trap/Species/Sciurus_carolinensis","camera_07_45_2025__2025-11-11__14-45-18(3).JPG",1,2025-11-11
222,45,"Sciurus_carolinensis","2025-11-12 15:19:48","2025-11-12","15:19:48",88470,1474.5,24.6,1,"/Users/clarence/camera_trap/Species/Sciurus_carolinensis","camera_07_45_2025__2025-11-12__15-19-48(1).JPG",2,2025-11-12
223,45,"Sciurus_carolinensis","2025-11-13 12:22:17","2025-11-13","12:22:17",75749,1262.5,21,0.9,"/Users/clarence/camera_trap/Species/Sciurus_carolinensis","camera_07_45_2025__2025-11-13__12-22-17(1).JPG",4,2025-11-13
224,45,"Sciurus_carolinensis","2025-11-13 14:29:48","2025-11-13","14:29:48",7651,127.5,2.1,0.1,"/Users/clarence/camera_trap/Species/Sciurus_carolinensis","camera_07_45_2025__2025-11-13__14-29-48(1).JPG",3,2025-11-13
225,45,"Sciurus_carolinensis","2025-11-13 15:15:06","2025-11-13","15:15:06",2718,45.3,0.8,0,"/Users/clarence/camera_trap/Species/Sciurus_carolinensis","camera_07_45_2025__2025-11-13__15-15-06(1).JPG",3,2025-11-13
226,45,"Sciurus_carolinensis","2025-11-15 10:17:29","2025-11-15","10:17:29",154943,2582.4,43,1.8,"/Users/clarence/camera_trap/Species/Sciurus_carolinensis","camera_07_45_2025__2025-11-15__10-17-29(1).JPG",1,2025-11-15
227,45,"Sciurus_carolinensis","2025-11-17 10:43:46","2025-11-17","10:43:46",174377,2906.3,48.4,2,"/Users/clarence/camera_trap/Species/Sciurus_carolinensis","camera_07_45_2025__2025-11-17__10-43-46(1).JPG",1,2025-11-17
228,45,"Sciurus_carolinensis","2025-11-17 12:29:13","2025-11-17","12:29:13",6327,105.4,1.8,0.1,"/Users/clarence/camera_trap/Species/Sciurus_carolinensis","camera_07_45_2025__2025-11-17__12-29-13(1).JPG",3,2025-11-17
229,45,"Sciurus_carolinensis","2025-11-17 13:00:51","2025-11-17","13:00:51",1898,31.6,0.5,0,"/Users/clarence/camera_trap/Species/Sciurus_carolinensis","camera_07_45_2025__2025-11-17__13-00-51(1).JPG",6,2025-11-17
230,45,"Sciurus_carolinensis","2025-11-17 14:27:14","2025-11-17","14:27:14",5183,86.4,1.4,0.1,"/Users/clarence/camera_trap/Species/Sciurus_carolinensis","camera_07_45_2025__2025-11-17__14-27-14(1).JPG",1,2025-11-17
231,45,"Sciurus_carolinensis","2025-11-17 16:24:29","2025-11-17","16:24:29",7035,117.2,2,0.1,"/Users/clarence/camera_trap/Species/Sciurus_carolinensis","camera_07_45_2025__2025-11-17__16-24-29(3).JPG",1,2025-11-17
232,45,"Sciurus_carolinensis","2025-11-18 10:47:56","2025-11-18","10:47:56",66207,1103.4,18.4,0.8,"/Users/clarence/camera_trap/Species/Sciurus_carolinensis","camera_07_45_2025__2025-11-18__10-47-56(2).JPG",3,2025-11-18
233,45,"Sciurus_carolinensis","2025-11-18 14:57:47","2025-11-18","14:57:47",14991,249.8,4.2,0.2,"/Users/clarence/camera_trap/Species/Sciurus_carolinensis","camera_07_45_2025__2025-11-18__14-57-47(1).JPG",2,2025-11-18
234,45,"Sciurus_carolinensis","2025-11-19 15:19:43","2025-11-19","15:19:43",87716,1461.9,24.4,1,"/Users/clarence/camera_trap/Species/Sciurus_carolinensis","camera_07_45_2025__2025-11-19__15-19-43(1).JPG",4,2025-11-19
235,45,"Sciurus_carolinensis","2025-11-21 09:50:15","2025-11-21","09:50:15",153032,2550.5,42.5,1.8,"/Users/clarence/camera_trap/Species/Sciurus_carolinensis","camera_07_45_2025__2025-11-21__09-50-15(2).JPG",2,2025-11-21
236,45,"Sciurus_carolinensis","2025-11-21 10:40:34","2025-11-21","10:40:34",3019,50.3,0.8,0,"/Users/clarence/camera_trap/Species/Sciurus_carolinensis","camera_07_45_2025__2025-11-21__10-40-34(1).JPG",5,2025-11-21
237,45,"Sciurus_carolinensis","2025-11-23 09:51:37","2025-11-23","09:51:37",169863,2831.1,47.2,2,"/Users/clarence/camera_trap/Species/Sciurus_carolinensis","camera_07_45_2025__2025-11-23__09-51-37(1).JPG",1,2025-11-23
238,45,"Sciurus_carolinensis","2025-11-23 12:20:22","2025-11-23","12:20:22",8925,148.8,2.5,0.1,"/Users/clarence/camera_trap/Species/Sciurus_carolinensis","camera_07_45_2025__2025-11-23__12-20-22(1).JPG",1,2025-11-23
239,45,"Sciurus_carolinensis","2025-11-23 13:53:26","2025-11-23","13:53:26",5584,93.1,1.6,0.1,"/Users/clarence/camera_trap/Species/Sciurus_carolinensis","camera_07_45_2025__2025-11-23__13-53-26(1).JPG",10,2025-11-23
240,45,"Vulpes_vulpes","2025-10-20 06:01:30","2025-10-20","06:01:30",0,0,0,0,"/Users/clarence/camera_trap/Species/Vulpes_vulpes","camera_07_45_2025__2025-10-20__06-01-30(2).JPG",2,2025-10-20
241,45,"Vulpes_vulpes","2025-11-21 14:48:38","2025-11-21","14:48:38",2796428,46607.1,776.8,32.4,"/Users/clarence/camera_trap/Species/Vulpes_vulpes","camera_07_45_2025__2025-11-21__14-48-38(1).JPG",2,2025-11-21
NA,60,"Capreolus_capreolus","10/10/2025 07:50","10/10/2025","07:50:23",0,0,0,0,"C:/Users/Home/Downloads/DL-12/Capreolus_capreolus","DL-12__2025-10-10__07-50-23(1).JPG",4,2025-10-10
NA,60,"Capreolus_capreolus","13/10/2025 10:05","13/10/2025","10:05:15",267292,4454.9,74.2,3.1,"C:/Users/Home/Downloads/DL-12/Capreolus_capreolus","DL-12__2025-10-13__10-05-15(1).JPG",7,2025-10-13
NA,60,"Capreolus_capreolus","15/10/2025 08:36","15/10/2025","08:36:33",167478,2791.3,46.5,1.9,"C:/Users/Home/Downloads/DL-12/Capreolus_capreolus","DL-12__2025-10-15__08-36-33(1).JPG",4,2025-10-15
NA,60,"Capreolus_capreolus","17/10/2025 20:35","17/10/2025","20:35:51",215958,3599.3,60,2.5,"C:/Users/Home/Downloads/DL-12/Capreolus_capreolus","DL-12__2025-10-17__20-35-51(1).JPG",2,2025-10-17
NA,60,"Capreolus_capreolus","18/10/2025 01:02","18/10/2025","01:02:58",16027,267.1,4.5,0.2,"C:/Users/Home/Downloads/DL-12/Capreolus_capreolus","DL-12__2025-10-18__01-02-58(1).JPG",1,2025-10-18
NA,60,"Capreolus_capreolus","20/10/2025 20:23","20/10/2025","20:23:25",242427,4040.4,67.3,2.8,"C:/Users/Home/Downloads/DL-12/Capreolus_capreolus","DL-12__2025-10-20__20-23-25(1).JPG",5,2025-10-20
NA,60,"Capreolus_capreolus","22/10/2025 07:55","22/10/2025","07:55:02",127897,2131.6,35.5,1.5,"C:/Users/Home/Downloads/DL-12/Capreolus_capreolus","DL-12__2025-10-22__07-55-02(1).JPG",4,2025-10-22
NA,60,"Capreolus_capreolus","25/10/2025 18:38","25/10/2025","18:38:47",0,0,0,0,"C:/Users/94248/Desktop/output/DL-12/Capreolus_capreolus","DL-12__2025-10-25__18-38-47(1).JPG",7,2025-10-25
NA,60,"Capreolus_capreolus","30/10/2025 06:54","30/10/2025","06:54:02",389715,6495.2,108.3,4.5,"C:/Users/94248/Desktop/output/DL-12/Capreolus_capreolus","DL-12__2025-10-30__06-54-02(1).JPG",4,2025-10-30
NA,60,"Capreolus_capreolus","30/10/2025 19:47","30/10/2025","19:47:12",46390,773.2,12.9,0.5,"C:/Users/94248/Desktop/output/DL-12/Capreolus_capreolus","DL-12__2025-10-30__19-47-12(1).JPG",6,2025-10-30
NA,60,"Capreolus_capreolus","04/11/2025 18:41","04/11/2025","18:41:00",428028,7133.8,118.9,5,"C:/Users/94248/Desktop/output/DL-12/Capreolus_capreolus","DL-12__2025-11-04__18-41-00(1).JPG",6,2025-11-04
NA,60,"Capreolus_capreolus","05/11/2025 06:56","05/11/2025","06:56:23",44123,735.4,12.3,0.5,"C:/Users/94248/Desktop/output/DL-12/Capreolus_capreolus","DL-12__2025-11-05__06-56-23(1).JPG",2,2025-11-05
NA,60,"Capreolus_capreolus","08/11/2025 20:10","08/11/2025","20:10:29",0,0,0,0,"C:/Users/asus/Desktop/IC_R/assessment3/camera/DL-12/DL-12/Capreolus_capreolus","DL-12__2025-11-08__20-10-29(1).JPG",2,2025-11-08
NA,60,"Capreolus_capreolus","17/11/2025 15:23","17/11/2025","15:23:07",760358,12672.6,211.2,8.8,"C:/Users/asus/Desktop/IC_R/assessment3/camera/DL-12/DL-12/Capreolus_capreolus","DL-12__2025-11-17__15-23-07(1).JPG",8,2025-11-17
NA,60,"Capreolus_capreolus","20/11/2025 04:59","20/11/2025","04:59:56",221809,3696.8,61.6,2.6,"C:/Users/asus/Desktop/IC_R/assessment3/camera/DL-12/DL-12/Capreolus_capreolus","DL-12__2025-11-20__04-59-56(1).JPG",1,2025-11-20
NA,60,"Capreolus_capreolus","20/11/2025 15:05","20/11/2025","15:05:27",36331,605.5,10.1,0.4,"C:/Users/asus/Desktop/IC_R/assessment3/camera/DL-12/DL-12/Capreolus_capreolus","DL-12__2025-11-20__15-05-27(1).JPG",14,2025-11-20
NA,60,"Capreolus_capreolus","21/11/2025 08:20","21/11/2025","08:20:33",62106,1035.1,17.3,0.7,"C:/Users/asus/Desktop/IC_R/assessment3/camera/DL-12/DL-12/Capreolus_capreolus","DL-12__2025-11-21__08-20-33(1).JPG",10,2025-11-21
NA,60,"Columba_palumbus","20/11/2025 16:57","20/11/2025","16:57:59",0,0,0,0,"C:/Users/asus/Desktop/IC_R/assessment3/camera/DL-12/DL-12/Columba_palumbus","DL-12__2025-11-20__16-57-59(1).JPG",2,2025-11-20
NA,60,"domestic_dog","18/11/2025 15:49","18/11/2025","15:49:44",0,0,0,0,"C:/Users/asus/Desktop/IC_R/assessment3/camera/DL-12/DL-12/domestic_dog","DL-12__2025-11-18__15-49-44(1).JPG",2,2025-11-18
NA,60,"Meles_meles","16/10/2025 00:57","16/10/2025","00:57:01",0,0,0,0,"C:/Users/Home/Downloads/DL-12/Meles_meles","DL-12__2025-10-16__00-57-01(1).JPG",2,2025-10-16
NA,60,"Meles_meles","19/10/2025 04:50","19/10/2025","04:50:41",273220,4553.7,75.9,3.2,"C:/Users/Home/Downloads/DL-12/Meles_meles","DL-12__2025-10-19__04-50-41(1).JPG",2,2025-10-19
NA,60,"Meles_meles","09/10/2025 03:01","09/10/2025","03:01:35",2698,45,0.8,0,"D:/R/RStudio/data/DL-12output/species_subfolder/Meles meles","101MEDIA__2025-10-09__03-01-35(1).JPG",11,2025-10-09
NA,60,"Meles_meles","25/10/2025 04:20","25/10/2025","04:20:08",0,0,0,0,"C:/Users/94248/Desktop/output/DL-12/Meles_meles","DL-12__2025-10-25__04-20-08(1).JPG",2,2025-10-25
NA,60,"Meles_meles","07/11/2025 17:34","07/11/2025","17:34:13",0,0,0,0,"C:/Users/asus/Desktop/IC_R/assessment3/camera/DL-12/DL-12/Meles_meles","DL-12__2025-11-07__17-34-13(1).JPG",2,2025-11-07
NA,60,"Meles_meles","07/11/2025 20:53","07/11/2025","20:53:51",11978,199.6,3.3,0.1,"C:/Users/asus/Desktop/IC_R/assessment3/camera/DL-12/DL-12/Meles_meles","DL-12__2025-11-07__20-53-51(1).JPG",2,2025-11-07
NA,60,"Meles_meles","11/11/2025 01:14","11/11/2025","01:14:23",274832,4580.5,76.3,3.2,"C:/Users/asus/Desktop/IC_R/assessment3/camera/DL-12/DL-12/Meles_meles","DL-12__2025-11-11__01-14-23(1).JPG",2,2025-11-11
NA,60,"Meles_meles","17/11/2025 03:50","17/11/2025","03:50:07",527744,8795.7,146.6,6.1,"C:/Users/asus/Desktop/IC_R/assessment3/camera/DL-12/DL-12/Meles_meles","DL-12__2025-11-17__03-50-07(1).JPG",2,2025-11-17
NA,60,"Muntiacus_reevesi","09/10/2025 08:54","09/10/2025","08:54:22",0,0,0,0,"C:/Users/Home/Downloads/DL-12/Muntiacus_reevesi","DL-12__2025-10-09__08-54-22(1).JPG",6,2025-10-09
NA,60,"Muntiacus_reevesi","09/10/2025 20:10","09/10/2025","20:10:40",40578,676.3,11.3,0.5,"C:/Users/Home/Downloads/DL-12/Muntiacus_reevesi","DL-12__2025-10-09__20-10-40(1).JPG",2,2025-10-09
NA,60,"Muntiacus_reevesi","10/10/2025 05:43","10/10/2025","05:43:57",34397,573.3,9.6,0.4,"C:/Users/Home/Downloads/DL-12/Muntiacus_reevesi","DL-12__2025-10-10__05-43-57(1).JPG",8,2025-10-10
NA,60,"Muntiacus_reevesi","10/10/2025 18:17","10/10/2025","18:17:27",45210,753.5,12.6,0.5,"C:/Users/Home/Downloads/DL-12/Muntiacus_reevesi","DL-12__2025-10-10__18-17-27(1).JPG",4,2025-10-10
NA,60,"Muntiacus_reevesi","12/10/2025 22:24","12/10/2025","22:24:46",187639,3127.3,52.1,2.2,"C:/Users/Home/Downloads/DL-12/Muntiacus_reevesi","DL-12__2025-10-12__22-24-46(1).JPG",6,2025-10-12
NA,60,"Muntiacus_reevesi","13/10/2025 02:51","13/10/2025","02:51:35",16009,266.8,4.4,0.2,"C:/Users/Home/Downloads/DL-12/Muntiacus_reevesi","DL-12__2025-10-13__02-51-35(1).JPG",1,2025-10-13
NA,60,"Muntiacus_reevesi","13/10/2025 04:02","13/10/2025","04:02:25",4250,70.8,1.2,0,"C:/Users/Home/Downloads/DL-12/Muntiacus_reevesi","DL-12__2025-10-13__04-02-25(6).JPG",15,2025-10-13
NA,60,"Muntiacus_reevesi","13/10/2025 06:39","13/10/2025","06:39:39",9434,157.2,2.6,0.1,"C:/Users/Home/Downloads/DL-12/Muntiacus_reevesi","DL-12__2025-10-13__06-39-39(1).JPG",2,2025-10-13
NA,60,"Muntiacus_reevesi","17/10/2025 00:28","17/10/2025","00:28:07",323308,5388.5,89.8,3.7,"C:/Users/Home/Downloads/DL-12/Muntiacus_reevesi","DL-12__2025-10-17__00-28-07(1).JPG",3,2025-10-17
NA,60,"Muntiacus_reevesi","17/10/2025 07:39","17/10/2025","07:39:31",25884,431.4,7.2,0.3,"C:/Users/Home/Downloads/DL-12/Muntiacus_reevesi","DL-12__2025-10-17__07-39-31(1).JPG",2,2025-10-17
NA,60,"Muntiacus_reevesi","18/10/2025 19:51","18/10/2025","19:51:23",130312,2171.9,36.2,1.5,"C:/Users/Home/Downloads/DL-12/Muntiacus_reevesi","DL-12__2025-10-18__19-51-23(1).JPG",2,2025-10-18
NA,60,"Muntiacus_reevesi","18/10/2025 22:42","18/10/2025","22:42:59",10296,171.6,2.9,0.1,"C:/Users/Home/Downloads/DL-12/Muntiacus_reevesi","DL-12__2025-10-18__22-42-59(1).JPG",9,2025-10-18
NA,60,"Muntiacus_reevesi","20/10/2025 18:32","20/10/2025","18:32:24",157765,2629.4,43.8,1.8,"C:/Users/Home/Downloads/DL-12/Muntiacus_reevesi","DL-12__2025-10-20__18-32-24(1).JPG",7,2025-10-20
NA,60,"Muntiacus_reevesi","21/10/2025 01:19","21/10/2025","01:19:09",24405,406.8,6.8,0.3,"C:/Users/Home/Downloads/DL-12/Muntiacus_reevesi","DL-12__2025-10-21__01-19-09(1).JPG",6,2025-10-21
NA,60,"Muntiacus_reevesi","22/10/2025 18:02","22/10/2025","18:02:46",0,0,0,0,"C:/Users/94248/Desktop/output/DL-12/Muntiacus_reevesi","DL-12__2025-10-22__18-02-46(1).JPG",2,2025-10-22
NA,60,"Muntiacus_reevesi","24/10/2025 01:16","24/10/2025","01:16:56",112450,1874.2,31.2,1.3,"C:/Users/94248/Desktop/output/DL-12/Muntiacus_reevesi","DL-12__2025-10-24__01-16-56(1).JPG",4,2025-10-24
NA,60,"Muntiacus_reevesi","24/10/2025 17:51","24/10/2025","17:51:46",59690,994.8,16.6,0.7,"C:/Users/94248/Desktop/output/DL-12/Muntiacus_reevesi","DL-12__2025-10-24__17-51-46(1).JPG",6,2025-10-24
NA,60,"Muntiacus_reevesi","25/10/2025 04:37","25/10/2025","04:37:01",38715,645.2,10.8,0.4,"C:/Users/94248/Desktop/output/DL-12/Muntiacus_reevesi","DL-12__2025-10-25__04-37-01(1).JPG",33,2025-10-25
NA,60,"Muntiacus_reevesi","25/10/2025 07:12","25/10/2025","07:12:13",9312,155.2,2.6,0.1,"C:/Users/94248/Desktop/output/DL-12/Muntiacus_reevesi","DL-12__2025-10-25__07-12-13(1).JPG",42,2025-10-25
NA,60,"Muntiacus_reevesi","27/10/2025 01:11","27/10/2025","01:11:04",151131,2518.8,42,1.8,"C:/Users/94248/Desktop/output/DL-12/Muntiacus_reevesi","DL-12__2025-10-27__01-11-04(1).JPG",3,2025-10-27
NA,60,"Muntiacus_reevesi","27/10/2025 02:27","27/10/2025","02:27:05",4561,76,1.3,0.1,"C:/Users/94248/Desktop/output/DL-12/Muntiacus_reevesi","DL-12__2025-10-27__02-27-05(1).JPG",6,2025-10-27
NA,60,"Muntiacus_reevesi","29/10/2025 04:59","29/10/2025","04:59:51",181966,3032.8,50.5,2.1,"C:/Users/94248/Desktop/output/DL-12/Muntiacus_reevesi","DL-12__2025-10-29__04-59-51(6).JPG",2,2025-10-29
NA,60,"Muntiacus_reevesi","29/10/2025 23:42","29/10/2025","23:42:40",67369,1122.8,18.7,0.8,"C:/Users/94248/Desktop/output/DL-12/Muntiacus_reevesi","DL-12__2025-10-29__23-42-40(1).JPG",4,2025-10-29
NA,60,"Muntiacus_reevesi","30/10/2025 15:55","30/10/2025","15:55:36",58376,972.9,16.2,0.7,"C:/Users/94248/Desktop/output/DL-12/Muntiacus_reevesi","DL-12__2025-10-30__15-55-36(1).JPG",4,2025-10-30
NA,60,"Muntiacus_reevesi","30/10/2025 19:41","30/10/2025","19:41:58",13582,226.4,3.8,0.2,"C:/Users/94248/Desktop/output/DL-12/Muntiacus_reevesi","DL-12__2025-10-30__19-41-58(1).JPG",10,2025-10-30
NA,60,"Muntiacus_reevesi","01/11/2025 13:12","01/11/2025","13:12:11",149413,2490.2,41.5,1.7,"C:/Users/94248/Desktop/output/DL-12/Muntiacus_reevesi","DL-12__2025-11-01__13-12-11(1).JPG",1,2025-11-01
NA,60,"Muntiacus_reevesi","01/11/2025 16:17","01/11/2025","16:17:15",11104,185.1,3.1,0.1,"C:/Users/94248/Desktop/output/DL-12/Muntiacus_reevesi","DL-12__2025-11-01__16-17-15(1).JPG",8,2025-11-01
NA,60,"Muntiacus_reevesi","03/11/2025 03:59","03/11/2025","03:59:47",128552,2142.5,35.7,1.5,"C:/Users/94248/Desktop/output/DL-12/Muntiacus_reevesi","DL-12__2025-11-03__03-59-47(1).JPG",3,2025-11-03
NA,60,"Muntiacus_reevesi","03/11/2025 19:19","03/11/2025","19:19:54",55207,920.1,15.3,0.6,"C:/Users/94248/Desktop/output/DL-12/Muntiacus_reevesi","DL-12__2025-11-03__19-19-54(1).JPG",2,2025-11-03
NA,60,"Muntiacus_reevesi","05/11/2025 05:38","05/11/2025","05:38:13",123499,2058.3,34.3,1.4,"C:/Users/94248/Desktop/output/DL-12/Muntiacus_reevesi","DL-12__2025-11-05__05-38-13(1).JPG",2,2025-11-05
NA,60,"Muntiacus_reevesi","05/11/2025 17:04","05/11/2025","17:04:48",41195,686.6,11.4,0.5,"C:/Users/94248/Desktop/output/DL-12/Muntiacus_reevesi","DL-12__2025-11-05__17-04-48(1).JPG",7,2025-11-05
NA,60,"Muntiacus_reevesi","06/11/2025 04:30","06/11/2025","04:30:40",41152,685.9,11.4,0.5,"C:/Users/94248/Desktop/output/DL-12/Muntiacus_reevesi","DL-12__2025-11-06__04-30-40(1).JPG",6,2025-11-06
NA,60,"Muntiacus_reevesi","07/11/2025 02:23","07/11/2025","02:23:51",78791,1313.2,21.9,0.9,"C:/Users/94248/Desktop/output/DL-12/Muntiacus_reevesi","DL-12__2025-11-07__02-23-51(1).JPG",1,2025-11-07
NA,60,"Muntiacus_reevesi","07/11/2025 02:23","07/11/2025","02:23:52",0,0,0,0,"C:/Users/asus/Desktop/IC_R/assessment3/camera/DL-12/DL-12/Muntiacus_reevesi","DL-12__2025-11-07__02-23-52(1).JPG",3,2025-11-07
NA,60,"Muntiacus_reevesi","10/11/2025 04:14","10/11/2025","04:14:24",265832,4430.5,73.8,3.1,"C:/Users/asus/Desktop/IC_R/assessment3/camera/DL-12/DL-12/Muntiacus_reevesi","DL-12__2025-11-10__04-14-24(1).JPG",1,2025-11-10
NA,60,"Muntiacus_reevesi","11/11/2025 18:03","11/11/2025","18:03:04",136120,2268.7,37.8,1.6,"C:/Users/asus/Desktop/IC_R/assessment3/camera/DL-12/DL-12/Muntiacus_reevesi","DL-12__2025-11-11__18-03-04(1).JPG",2,2025-11-11
NA,60,"Muntiacus_reevesi","12/11/2025 22:44","12/11/2025","22:44:37",103293,1721.6,28.7,1.2,"C:/Users/asus/Desktop/IC_R/assessment3/camera/DL-12/DL-12/Muntiacus_reevesi","DL-12__2025-11-12__22-44-37(1).JPG",3,2025-11-12
NA,60,"Muntiacus_reevesi","13/11/2025 04:01","13/11/2025","04:01:38",19021,317,5.3,0.2,"C:/Users/asus/Desktop/IC_R/assessment3/camera/DL-12/DL-12/Muntiacus_reevesi","DL-12__2025-11-13__04-01-38(1).JPG",12,2025-11-13
NA,60,"Muntiacus_reevesi","13/11/2025 07:44","13/11/2025","07:44:58",13400,223.3,3.7,0.2,"C:/Users/asus/Desktop/IC_R/assessment3/camera/DL-12/DL-12/Muntiacus_reevesi","DL-12__2025-11-13__07-44-58(1).JPG",2,2025-11-13
NA,60,"Muntiacus_reevesi","13/11/2025 16:58","13/11/2025","16:58:51",33233,553.9,9.2,0.4,"C:/Users/asus/Desktop/IC_R/assessment3/camera/DL-12/DL-12/Muntiacus_reevesi","DL-12__2025-11-13__16-58-51(1).JPG",2,2025-11-13
NA,60,"Muntiacus_reevesi","14/11/2025 05:55","14/11/2025","05:55:08",46577,776.3,12.9,0.5,"C:/Users/asus/Desktop/IC_R/assessment3/camera/DL-12/DL-12/Muntiacus_reevesi","DL-12__2025-11-14__05-55-08(1).JPG",14,2025-11-14
NA,60,"Muntiacus_reevesi","14/11/2025 21:12","14/11/2025","21:12:42",55054,917.6,15.3,0.6,"C:/Users/asus/Desktop/IC_R/assessment3/camera/DL-12/DL-12/Muntiacus_reevesi","DL-12__2025-11-14__21-12-42(6).JPG",8,2025-11-14
NA,60,"Muntiacus_reevesi","15/11/2025 16:13","15/11/2025","16:13:51",68469,1141.2,19,0.8,"C:/Users/asus/Desktop/IC_R/assessment3/camera/DL-12/DL-12/Muntiacus_reevesi","DL-12__2025-11-15__16-13-51(1).JPG",6,2025-11-15
NA,60,"Muntiacus_reevesi","15/11/2025 21:55","15/11/2025","21:55:54",20523,342,5.7,0.2,"C:/Users/asus/Desktop/IC_R/assessment3/camera/DL-12/DL-12/Muntiacus_reevesi","DL-12__2025-11-15__21-55-54(1).JPG",3,2025-11-15
NA,60,"Muntiacus_reevesi","16/11/2025 05:27","16/11/2025","05:27:23",27089,451.5,7.5,0.3,"C:/Users/asus/Desktop/IC_R/assessment3/camera/DL-12/DL-12/Muntiacus_reevesi","DL-12__2025-11-16__05-27-23(1).JPG",1,2025-11-16
NA,60,"Muntiacus_reevesi","16/11/2025 20:56","16/11/2025","20:56:41",55758,929.3,15.5,0.6,"C:/Users/asus/Desktop/IC_R/assessment3/camera/DL-12/DL-12/Muntiacus_reevesi","DL-12__2025-11-16__20-56-41(7).JPG",18,2025-11-16
NA,60,"Muntiacus_reevesi","16/11/2025 21:31","16/11/2025","21:31:28",2087,34.8,0.6,0,"C:/Users/asus/Desktop/IC_R/assessment3/camera/DL-12/DL-12/Muntiacus_reevesi","DL-12__2025-11-16__21-31-28(1).JPG",11,2025-11-16
NA,60,"Muntiacus_reevesi","17/11/2025 06:41","17/11/2025","06:41:57",33029,550.5,9.2,0.4,"C:/Users/asus/Desktop/IC_R/assessment3/camera/DL-12/DL-12/Muntiacus_reevesi","DL-12__2025-11-17__06-41-57(1).JPG",4,2025-11-17
NA,60,"Muntiacus_reevesi","21/11/2025 07:29","21/11/2025","07:29:07",348430,5807.2,96.8,4,"C:/Users/asus/Desktop/IC_R/assessment3/camera/DL-12/DL-12/Muntiacus_reevesi","DL-12__2025-11-21__07-29-07(1).JPG",4,2025-11-21
NA,60,"Muntiacus_reevesi","21/11/2025 16:19","21/11/2025","16:19:54",31847,530.8,8.8,0.4,"C:/Users/asus/Desktop/IC_R/assessment3/camera/DL-12/DL-12/Muntiacus_reevesi","DL-12__2025-11-21__16-19-54(1).JPG",4,2025-11-21
NA,60,"Muntiacus_reevesi","23/11/2025 16:54","23/11/2025","16:54:38",174884,2914.7,48.6,2,"C:/Users/asus/Desktop/IC_R/assessment3/camera/DL-12/DL-12/Muntiacus_reevesi","DL-12__2025-11-23__16-54-38(1).JPG",4,2025-11-23
NA,60,"Muntiacus_reevesi","23/11/2025 20:59","23/11/2025","20:59:34",14696,244.9,4.1,0.2,"C:/Users/asus/Desktop/IC_R/assessment3/camera/DL-12/DL-12/Muntiacus_reevesi","DL-12__2025-11-23__20-59-34(1).JPG",12,2025-11-23
NA,60,"Muntiacus_reevesi","24/11/2025 02:44","24/11/2025","02:44:24",20690,344.8,5.7,0.2,"C:/Users/asus/Desktop/IC_R/assessment3/camera/DL-12/DL-12/Muntiacus_reevesi","DL-12__2025-11-24__02-44-24(5).JPG",9,2025-11-24
NA,60,"Oryctolagus_cuniculus","09/10/2025 03:16","09/10/2025","03:16:35",0,0,0,0,"C:/Users/Home/Downloads/DL-12/Oryctolagus_cuniculus","DL-12__2025-10-09__03-16-35(1).JPG",1,2025-10-09
NA,60,"Oryctolagus_cuniculus","09/10/2025 04:59","09/10/2025","04:59:12",6157,102.6,1.7,0.1,"C:/Users/Home/Downloads/DL-12/Oryctolagus_cuniculus","DL-12__2025-10-09__04-59-12(1).JPG",6,2025-10-09
NA,60,"Oryctolagus_cuniculus","10/10/2025 06:39","10/10/2025","06:39:42",92430,1540.5,25.7,1.1,"C:/Users/Home/Downloads/DL-12/Oryctolagus_cuniculus","DL-12__2025-10-10__06-39-42(1).JPG",10,2025-10-10
NA,60,"Oryctolagus_cuniculus","14/10/2025 06:40","14/10/2025","06:40:46",345664,5761.1,96,4,"C:/Users/Home/Downloads/DL-12/Oryctolagus_cuniculus","DL-12__2025-10-14__06-40-46(1).JPG",6,2025-10-14
NA,60,"Oryctolagus_cuniculus","18/10/2025 05:58","18/10/2025","05:58:46",343080,5718,95.3,4,"C:/Users/Home/Downloads/DL-12/Oryctolagus_cuniculus","DL-12__2025-10-18__05-58-46(1).JPG",30,2025-10-18
NA,60,"Oryctolagus_cuniculus","18/10/2025 06:32","18/10/2025","06:32:43",2037,34,0.6,0,"C:/Users/Home/Downloads/DL-12/Oryctolagus_cuniculus","DL-12__2025-10-18__06-32-43(1).JPG",10,2025-10-18
NA,60,"Oryctolagus_cuniculus","20/10/2025 01:21","20/10/2025","01:21:14",154111,2568.5,42.8,1.8,"C:/Users/Home/Downloads/DL-12/Oryctolagus_cuniculus","DL-12__2025-10-20__01-21-14(1).JPG",2,2025-10-20
NA,60,"Oryctolagus_cuniculus","21/10/2025 07:00","21/10/2025","07:00:12",106738,1779,29.6,1.2,"C:/Users/Home/Downloads/DL-12/Oryctolagus_cuniculus","DL-12__2025-10-21__07-00-12(1).JPG",2,2025-10-21
NA,60,"Oryctolagus_cuniculus","22/10/2025 03:08","22/10/2025","03:08:19",72487,1208.1,20.1,0.8,"C:/Users/Home/Downloads/DL-12/Oryctolagus_cuniculus","DL-12__2025-10-22__03-08-19(1).JPG",6,2025-10-22
NA,60,"Oryctolagus_cuniculus","08/10/2025 18:36","08/10/2025","18:36:28",4462,74.4,1.2,0,"D:/R/RStudio/data/DL-12output/species_subfolder/Oryctolagus cuniculus","101MEDIA__2025-10-08__18-36-28(1).JPG",6,2025-10-08
NA,60,"Oryctolagus_cuniculus","09/10/2025 02:16","09/10/2025","02:16:37",27609,460.1,7.7,0.3,"D:/R/RStudio/data/DL-12output/species_subfolder/Oryctolagus cuniculus","101MEDIA__2025-10-09__02-16-37(1).JPG",6,2025-10-09
NA,60,"Oryctolagus_cuniculus","24/10/2025 07:17","24/10/2025","07:17:33",0,0,0,0,"C:/Users/94248/Desktop/output/DL-12/Oryctolagus_cuniculus","DL-12__2025-10-24__07-17-33(1).JPG",4,2025-10-24
NA,60,"Oryctolagus_cuniculus","24/10/2025 18:08","24/10/2025","18:08:45",39072,651.2,10.9,0.5,"C:/Users/94248/Desktop/output/DL-12/Oryctolagus_cuniculus","DL-12__2025-10-24__18-08-45(1).JPG",2,2025-10-24
NA,60,"Oryctolagus_cuniculus","25/10/2025 07:26","25/10/2025","07:26:05",47840,797.3,13.3,0.6,"C:/Users/94248/Desktop/output/DL-12/Oryctolagus_cuniculus","DL-12__2025-10-25__07-26-05(1).JPG",30,2025-10-25
NA,60,"Oryctolagus_cuniculus","26/10/2025 06:53","26/10/2025","06:53:06",84421,1407,23.4,1,"C:/Users/94248/Desktop/output/DL-12/Oryctolagus_cuniculus","DL-12__2025-10-26__06-53-06(1).JPG",2,2025-10-26
NA,60,"Oryctolagus_cuniculus","27/10/2025 05:59","27/10/2025","05:59:00",83154,1385.9,23.1,1,"C:/Users/94248/Desktop/output/DL-12/Oryctolagus_cuniculus","DL-12__2025-10-27__05-59-00(1).JPG",14,2025-10-27
NA,60,"Oryctolagus_cuniculus","28/10/2025 17:09","28/10/2025","17:09:42",126642,2110.7,35.2,1.5,"C:/Users/94248/Desktop/output/DL-12/Oryctolagus_cuniculus","DL-12__2025-10-28__17-09-42(1).JPG",12,2025-10-28
NA,60,"Oryctolagus_cuniculus","29/10/2025 06:09","29/10/2025","06:09:08",46766,779.4,13,0.5,"C:/Users/94248/Desktop/output/DL-12/Oryctolagus_cuniculus","DL-12__2025-10-29__06-09-08(1).JPG",2,2025-10-29
NA,60,"Oryctolagus_cuniculus","29/10/2025 07:00","29/10/2025","07:00:28",3080,51.3,0.9,0,"C:/Users/94248/Desktop/output/DL-12/Oryctolagus_cuniculus","DL-12__2025-10-29__07-00-28(1).JPG",2,2025-10-29
NA,60,"Oryctolagus_cuniculus","31/10/2025 07:19","31/10/2025","07:19:41",173953,2899.2,48.3,2,"C:/Users/94248/Desktop/output/DL-12/Oryctolagus_cuniculus","DL-12__2025-10-31__07-19-41(1).JPG",2,2025-10-31
NA,60,"Oryctolagus_cuniculus","31/10/2025 16:55","31/10/2025","16:55:29",34548,575.8,9.6,0.4,"C:/Users/94248/Desktop/output/DL-12/Oryctolagus_cuniculus","DL-12__2025-10-31__16-55-29(1).JPG",6,2025-10-31
NA,60,"Oryctolagus_cuniculus","01/11/2025 06:46","01/11/2025","06:46:53",49884,831.4,13.9,0.6,"C:/Users/94248/Desktop/output/DL-12/Oryctolagus_cuniculus","DL-12__2025-11-01__06-46-53(1).JPG",2,2025-11-01
NA,60,"Oryctolagus_cuniculus","01/11/2025 08:40","01/11/2025","08:40:34",6821,113.7,1.9,0.1,"C:/Users/94248/Desktop/output/DL-12/Oryctolagus_cuniculus","DL-12__2025-11-01__08-40-34(1).JPG",2,2025-11-01
NA,60,"Oryctolagus_cuniculus","04/11/2025 06:26","04/11/2025","06:26:37",251163,4186,69.8,2.9,"C:/Users/94248/Desktop/output/DL-12/Oryctolagus_cuniculus","DL-12__2025-11-04__06-26-37(1).JPG",2,2025-11-04
NA,60,"Oryctolagus_cuniculus","05/11/2025 05:35","05/11/2025","05:35:52",83355,1389.2,23.2,1,"C:/Users/94248/Desktop/output/DL-12/Oryctolagus_cuniculus","DL-12__2025-11-05__05-35-52(1).JPG",12,2025-11-05
NA,60,"Oryctolagus_cuniculus","05/11/2025 07:13","05/11/2025","07:13:45",5873,97.9,1.6,0.1,"C:/Users/94248/Desktop/output/DL-12/Oryctolagus_cuniculus","DL-12__2025-11-05__07-13-45(1).JPG",4,2025-11-05
NA,60,"Oryctolagus_cuniculus","08/11/2025 06:22","08/11/2025","06:22:57",0,0,0,0,"C:/Users/asus/Desktop/IC_R/assessment3/camera/DL-12/DL-12/Oryctolagus_cuniculus","DL-12__2025-11-08__06-22-57(1).JPG",10,2025-11-08
NA,60,"Oryctolagus_cuniculus","08/11/2025 22:46","08/11/2025","22:46:47",59030,983.8,16.4,0.7,"C:/Users/asus/Desktop/IC_R/assessment3/camera/DL-12/DL-12/Oryctolagus_cuniculus","DL-12__2025-11-08__22-46-47(1).JPG",28,2025-11-08
NA,60,"Oryctolagus_cuniculus","09/11/2025 05:31","09/11/2025","05:31:38",24291,404.9,6.7,0.3,"C:/Users/asus/Desktop/IC_R/assessment3/camera/DL-12/DL-12/Oryctolagus_cuniculus","DL-12__2025-11-09__05-31-38(1).JPG",8,2025-11-09
NA,60,"Oryctolagus_cuniculus","12/11/2025 06:20","12/11/2025","06:20:34",262136,4368.9,72.8,3,"C:/Users/asus/Desktop/IC_R/assessment3/camera/DL-12/DL-12/Oryctolagus_cuniculus","DL-12__2025-11-12__06-20-34(1).JPG",4,2025-11-12
NA,60,"Oryctolagus_cuniculus","13/11/2025 17:09","13/11/2025","17:09:25",125331,2088.8,34.8,1.4,"C:/Users/asus/Desktop/IC_R/assessment3/camera/DL-12/DL-12/Oryctolagus_cuniculus","DL-12__2025-11-13__17-09-25(1).JPG",6,2025-11-13
NA,60,"Oryctolagus_cuniculus","14/11/2025 21:13","14/11/2025","21:13:11",101026,1683.8,28.1,1.2,"C:/Users/asus/Desktop/IC_R/assessment3/camera/DL-12/DL-12/Oryctolagus_cuniculus","DL-12__2025-11-14__21-13-11(6).JPG",2,2025-11-14
NA,60,"Oryctolagus_cuniculus","15/11/2025 05:57","15/11/2025","05:57:49",31478,524.6,8.7,0.4,"C:/Users/asus/Desktop/IC_R/assessment3/camera/DL-12/DL-12/Oryctolagus_cuniculus","DL-12__2025-11-15__05-57-49(1).JPG",8,2025-11-15
NA,60,"Oryctolagus_cuniculus","17/11/2025 17:15","17/11/2025","17:15:02",213433,3557.2,59.3,2.5,"C:/Users/asus/Desktop/IC_R/assessment3/camera/DL-12/DL-12/Oryctolagus_cuniculus","DL-12__2025-11-17__17-15-02(1).JPG",1,2025-11-17
NA,60,"Oryctolagus_cuniculus","17/11/2025 21:24","17/11/2025","21:24:25",14963,249.4,4.2,0.2,"C:/Users/asus/Desktop/IC_R/assessment3/camera/DL-12/DL-12/Oryctolagus_cuniculus","DL-12__2025-11-17__21-24-25(1).JPG",4,2025-11-17
NA,60,"Oryctolagus_cuniculus","17/11/2025 22:42","17/11/2025","22:42:52",4707,78.4,1.3,0.1,"C:/Users/asus/Desktop/IC_R/assessment3/camera/DL-12/DL-12/Oryctolagus_cuniculus","DL-12__2025-11-17__22-42-52(1).JPG",2,2025-11-17
NA,60,"Oryctolagus_cuniculus","19/11/2025 21:17","19/11/2025","21:17:50",167698,2795,46.6,1.9,"C:/Users/asus/Desktop/IC_R/assessment3/camera/DL-12/DL-12/Oryctolagus_cuniculus","DL-12__2025-11-19__21-17-50(1).JPG",2,2025-11-19
NA,60,"Oryctolagus_cuniculus","21/11/2025 05:14","21/11/2025","05:14:21",114991,1916.5,31.9,1.3,"C:/Users/asus/Desktop/IC_R/assessment3/camera/DL-12/DL-12/Oryctolagus_cuniculus","DL-12__2025-11-21__05-14-21(1).JPG",10,2025-11-21
NA,60,"Oryctolagus_cuniculus","22/11/2025 02:46","22/11/2025","02:46:41",77540,1292.3,21.5,0.9,"C:/Users/asus/Desktop/IC_R/assessment3/camera/DL-12/DL-12/Oryctolagus_cuniculus","DL-12__2025-11-22__02-46-41(1).JPG",2,2025-11-22
NA,60,"Oryctolagus_cuniculus","24/11/2025 06:59","24/11/2025","06:59:41",187980,3133,52.2,2.2,"C:/Users/asus/Desktop/IC_R/assessment3/camera/DL-12/DL-12/Oryctolagus_cuniculus","DL-12__2025-11-24__06-59-41(1).JPG",4,2025-11-24
NA,60,"Phasianus_colchicus","13/10/2025 16:14","13/10/2025","16:14:13",0,0,0,0,"C:/Users/Home/Downloads/DL-12/Phasianus_colchicus","DL-12__2025-10-13__16-14-13(1).JPG",4,2025-10-13
NA,60,"Phasianus_colchicus","29/10/2025 14:35","29/10/2025","14:35:52",0,0,0,0,"C:/Users/94248/Desktop/output/DL-12/Phasianus_colchicus","DL-12__2025-10-29__14-35-52(1).JPG",2,2025-10-29
NA,60,"Phasianus_colchicus","09/11/2025 16:37","09/11/2025","16:37:41",0,0,0,0,"C:/Users/asus/Desktop/IC_R/assessment3/camera/DL-12/DL-12/Phasianus_colchicus","DL-12__2025-11-09__16-37-41(1).JPG",2,2025-11-09
NA,60,"Sciurus_carolinensis","09/10/2025 09:30","09/10/2025","09:30:56",0,0,0,0,"C:/Users/Home/Downloads/DL-12/Sciurus_carolinensis","DL-12__2025-10-09__09-30-56(1).JPG",4,2025-10-09
NA,60,"Sciurus_carolinensis","09/10/2025 15:23","09/10/2025","15:23:17",21141,352.4,5.9,0.2,"C:/Users/Home/Downloads/DL-12/Sciurus_carolinensis","DL-12__2025-10-09__15-23-17(1).JPG",13,2025-10-09
NA,60,"Sciurus_carolinensis","09/10/2025 17:11","09/10/2025","17:11:40",6503,108.4,1.8,0.1,"C:/Users/Home/Downloads/DL-12/Sciurus_carolinensis","DL-12__2025-10-09__17-11-40(1).JPG",6,2025-10-09
NA,60,"Sciurus_carolinensis","11/10/2025 08:30","11/10/2025","08:30:04",141504,2358.4,39.3,1.6,"C:/Users/Home/Downloads/DL-12/Sciurus_carolinensis","DL-12__2025-10-11__08-30-04(1).JPG",6,2025-10-11
NA,60,"Sciurus_carolinensis","11/10/2025 12:40","11/10/2025","12:40:24",15020,250.3,4.2,0.2,"C:/Users/Home/Downloads/DL-12/Sciurus_carolinensis","DL-12__2025-10-11__12-40-24(1).JPG",10,2025-10-11
NA,60,"Sciurus_carolinensis","12/10/2025 15:07","12/10/2025","15:07:27",95223,1587,26.4,1.1,"C:/Users/Home/Downloads/DL-12/Sciurus_carolinensis","DL-12__2025-10-12__15-07-27(1).JPG",4,2025-10-12
NA,60,"Sciurus_carolinensis","12/10/2025 16:31","12/10/2025","16:31:57",5070,84.5,1.4,0.1,"C:/Users/Home/Downloads/DL-12/Sciurus_carolinensis","DL-12__2025-10-12__16-31-57(1).JPG",12,2025-10-12
NA,60,"Sciurus_carolinensis","13/10/2025 15:13","13/10/2025","15:13:37",81700,1361.7,22.7,0.9,"C:/Users/Home/Downloads/DL-12/Sciurus_carolinensis","DL-12__2025-10-13__15-13-37(1).JPG",8,2025-10-13
NA,60,"Sciurus_carolinensis","14/10/2025 07:56","14/10/2025","07:56:01",60144,1002.4,16.7,0.7,"C:/Users/Home/Downloads/DL-12/Sciurus_carolinensis","DL-12__2025-10-14__07-56-01(1).JPG",7,2025-10-14
NA,60,"Sciurus_carolinensis","14/10/2025 09:09","14/10/2025","09:09:21",4400,73.3,1.2,0,"C:/Users/Home/Downloads/DL-12/Sciurus_carolinensis","DL-12__2025-10-14__09-09-21(1).JPG",15,2025-10-14
NA,60,"Sciurus_carolinensis","15/10/2025 10:17","15/10/2025","10:17:10",90469,1507.8,25.1,1,"C:/Users/Home/Downloads/DL-12/Sciurus_carolinensis","DL-12__2025-10-15__10-17-10(1).JPG",4,2025-10-15
NA,60,"Sciurus_carolinensis","15/10/2025 12:25","15/10/2025","12:25:16",7686,128.1,2.1,0.1,"C:/Users/Home/Downloads/DL-12/Sciurus_carolinensis","DL-12__2025-10-15__12-25-16(1).JPG",2,2025-10-15
NA,60,"Sciurus_carolinensis","15/10/2025 15:02","15/10/2025","15:02:33",9437,157.3,2.6,0.1,"C:/Users/Home/Downloads/DL-12/Sciurus_carolinensis","DL-12__2025-10-15__15-02-33(1).JPG",5,2025-10-15
NA,60,"Sciurus_carolinensis","15/10/2025 16:16","15/10/2025","16:16:57",4464,74.4,1.2,0,"C:/Users/Home/Downloads/DL-12/Sciurus_carolinensis","DL-12__2025-10-15__16-16-57(1).JPG",10,2025-10-15
NA,60,"Sciurus_carolinensis","16/10/2025 11:06","16/10/2025","11:06:59",67802,1130,18.8,0.8,"C:/Users/Home/Downloads/DL-12/Sciurus_carolinensis","DL-12__2025-10-16__11-06-59(1).JPG",4,2025-10-16
NA,60,"Sciurus_carolinensis","16/10/2025 14:48","16/10/2025","14:48:53",13314,221.9,3.7,0.2,"C:/Users/Home/Downloads/DL-12/Sciurus_carolinensis","DL-12__2025-10-16__14-48-53(1).JPG",4,2025-10-16
NA,60,"Sciurus_carolinensis","17/10/2025 16:35","17/10/2025","16:35:15",92782,1546.4,25.8,1.1,"C:/Users/Home/Downloads/DL-12/Sciurus_carolinensis","DL-12__2025-10-17__16-35-15(1).JPG",2,2025-10-17
NA,60,"Sciurus_carolinensis","19/10/2025 08:27","19/10/2025","08:27:10",143515,2391.9,39.9,1.7,"C:/Users/Home/Downloads/DL-12/Sciurus_carolinensis","DL-12__2025-10-19__08-27-10(1).JPG",2,2025-10-19
NA,60,"Sciurus_carolinensis","19/10/2025 09:16","19/10/2025","09:16:08",2938,49,0.8,0,"C:/Users/Home/Downloads/DL-12/Sciurus_carolinensis","DL-12__2025-10-19__09-16-08(1).JPG",9,2025-10-19
NA,60,"Sciurus_carolinensis","19/10/2025 16:37","19/10/2025","16:37:57",26509,441.8,7.4,0.3,"C:/Users/Home/Downloads/DL-12/Sciurus_carolinensis","DL-12__2025-10-19__16-37-57(1).JPG",4,2025-10-19
NA,60,"Sciurus_carolinensis","20/10/2025 14:10","20/10/2025","14:10:38",77561,1292.7,21.5,0.9,"C:/Users/Home/Downloads/DL-12/Sciurus_carolinensis","DL-12__2025-10-20__14-10-38(1).JPG",2,2025-10-20
NA,60,"Sciurus_carolinensis","21/10/2025 10:20","21/10/2025","10:20:20",72582,1209.7,20.2,0.8,"C:/Users/Home/Downloads/DL-12/Sciurus_carolinensis","DL-12__2025-10-21__10-20-20(1).JPG",6,2025-10-21
NA,60,"Sciurus_carolinensis","21/10/2025 12:28","21/10/2025","12:28:34",7694,128.2,2.1,0.1,"C:/Users/Home/Downloads/DL-12/Sciurus_carolinensis","DL-12__2025-10-21__12-28-34(1).JPG",10,2025-10-21
NA,60,"Sciurus_carolinensis","21/10/2025 13:02","21/10/2025","13:02:19",2025,33.8,0.6,0,"C:/Users/Home/Downloads/DL-12/Sciurus_carolinensis","DL-12__2025-10-21__13-02-19(1).JPG",6,2025-10-21
NA,60,"Sciurus_carolinensis","21/10/2025 13:56","21/10/2025","13:56:43",3264,54.4,0.9,0,"C:/Users/Home/Downloads/DL-12/Sciurus_carolinensis","DL-12__2025-10-21__13-56-43(1).JPG",4,2025-10-21
NA,60,"Sciurus_carolinensis","22/10/2025 11:04","22/10/2025","11:04:29",76066,1267.8,21.1,0.9,"C:/Users/Home/Downloads/DL-12/Sciurus_carolinensis","DL-12__2025-10-22__11-04-29(1).JPG",12,2025-10-22
NA,60,"Sciurus_carolinensis","22/10/2025 15:07","22/10/2025","15:07:21",14572,242.9,4,0.2,"C:/Users/Home/Downloads/DL-12/Sciurus_carolinensis","DL-12__2025-10-22__15-07-21(1).JPG",10,2025-10-22
NA,60,"Sciurus_carolinensis","22/10/2025 16:51","22/10/2025","16:51:28",6247,104.1,1.7,0.1,"C:/Users/Home/Downloads/DL-12/Sciurus_carolinensis","DL-12__2025-10-22__16-51-28(1).JPG",6,2025-10-22
NA,60,"Sciurus_carolinensis","08/10/2025 17:22","08/10/2025","17:22:06",0,0,0,0,"D:/R/RStudio/data/DL-12output/species_subfolder/Sciurus carolinensis","101MEDIA__2025-10-08__17-22-06(1).JPG",2,2025-10-08
NA,60,"Sciurus_carolinensis","22/10/2025 16:56","22/10/2025","16:56:29",0,0,0,0,"C:/Users/94248/Desktop/output/DL-12/Sciurus_carolinensis","DL-12__2025-10-22__16-56-29(1).JPG",1,2025-10-22
NA,60,"Sciurus_carolinensis","24/10/2025 16:12","24/10/2025","16:12:23",170154,2835.9,47.3,2,"C:/Users/94248/Desktop/output/DL-12/Sciurus_carolinensis","DL-12__2025-10-24__16-12-23(1).JPG",6,2025-10-24
NA,60,"Sciurus_carolinensis","26/10/2025 10:45","26/10/2025","10:45:49",153206,2553.4,42.6,1.8,"C:/Users/94248/Desktop/output/DL-12/Sciurus_carolinensis","DL-12__2025-10-26__10-45-49(1).JPG",2,2025-10-26
NA,60,"Sciurus_carolinensis","26/10/2025 13:13","26/10/2025","13:13:55",8886,148.1,2.5,0.1,"C:/Users/94248/Desktop/output/DL-12/Sciurus_carolinensis","DL-12__2025-10-26__13-13-55(1).JPG",12,2025-10-26
NA,60,"Sciurus_carolinensis","27/10/2025 16:10","27/10/2025","16:10:22",96987,1616.4,26.9,1.1,"C:/Users/94248/Desktop/output/DL-12/Sciurus_carolinensis","DL-12__2025-10-27__16-10-22(1).JPG",3,2025-10-27
NA,60,"Sciurus_carolinensis","28/10/2025 16:00","28/10/2025","16:00:57",85835,1430.6,23.8,1,"C:/Users/94248/Desktop/output/DL-12/Sciurus_carolinensis","DL-12__2025-10-28__16-00-57(1).JPG",2,2025-10-28
NA,60,"Sciurus_carolinensis","29/10/2025 10:21","29/10/2025","10:21:29",66032,1100.5,18.3,0.8,"C:/Users/94248/Desktop/output/DL-12/Sciurus_carolinensis","DL-12__2025-10-29__10-21-29(1).JPG",4,2025-10-29
NA,60,"Sciurus_carolinensis","30/10/2025 06:43","30/10/2025","06:43:32",73323,1222,20.4,0.8,"C:/Users/94248/Desktop/output/DL-12/Sciurus_carolinensis","DL-12__2025-10-30__06-43-32(1).JPG",2,2025-10-30
NA,60,"Sciurus_carolinensis","30/10/2025 07:22","30/10/2025","07:22:10",2318,38.6,0.6,0,"C:/Users/94248/Desktop/output/DL-12/Sciurus_carolinensis","DL-12__2025-10-30__07-22-10(1).JPG",4,2025-10-30
NA,60,"Sciurus_carolinensis","30/10/2025 08:22","30/10/2025","08:22:10",3600,60,1,0,"C:/Users/94248/Desktop/output/DL-12/Sciurus_carolinensis","DL-12__2025-10-30__08-22-10(1).JPG",2,2025-10-30
NA,60,"Sciurus_carolinensis","30/10/2025 12:12","30/10/2025","12:12:13",13803,230.1,3.8,0.2,"C:/Users/94248/Desktop/output/DL-12/Sciurus_carolinensis","DL-12__2025-10-30__12-12-13(1).JPG",3,2025-10-30
NA,60,"Sciurus_carolinensis","30/10/2025 12:53","30/10/2025","12:53:34",2481,41.4,0.7,0,"C:/Users/94248/Desktop/output/DL-12/Sciurus_carolinensis","DL-12__2025-10-30__12-53-34(1).JPG",8,2025-10-30
NA,60,"Sciurus_carolinensis","30/10/2025 15:39","30/10/2025","15:39:25",9951,165.8,2.8,0.1,"C:/Users/94248/Desktop/output/DL-12/Sciurus_carolinensis","DL-12__2025-10-30__15-39-25(1).JPG",7,2025-10-30
NA,60,"Sciurus_carolinensis","31/10/2025 12:31","31/10/2025","12:31:36",75131,1252.2,20.9,0.9,"C:/Users/94248/Desktop/output/DL-12/Sciurus_carolinensis","DL-12__2025-10-31__12-31-36(1).JPG",11,2025-10-31
NA,60,"Sciurus_carolinensis","01/11/2025 13:12","01/11/2025","13:12:11",88835,1480.6,24.7,1,"C:/Users/94248/Desktop/output/DL-12/Sciurus_carolinensis","DL-12__2025-11-01__13-12-11(1).JPG",1,2025-11-01
NA,60,"Sciurus_carolinensis","02/11/2025 07:35","02/11/2025","07:35:07",66176,1102.9,18.4,0.8,"C:/Users/94248/Desktop/output/DL-12/Sciurus_carolinensis","DL-12__2025-11-02__07-35-07(1).JPG",2,2025-11-02
NA,60,"Sciurus_carolinensis","02/11/2025 10:16","02/11/2025","10:16:22",9675,161.2,2.7,0.1,"C:/Users/94248/Desktop/output/DL-12/Sciurus_carolinensis","DL-12__2025-11-02__10-16-22(1).JPG",7,2025-11-02
NA,60,"Sciurus_carolinensis","02/11/2025 14:51","02/11/2025","14:51:21",16499,275,4.6,0.2,"C:/Users/94248/Desktop/output/DL-12/Sciurus_carolinensis","DL-12__2025-11-02__14-51-21(1).JPG",2,2025-11-02
NA,60,"Sciurus_carolinensis","04/11/2025 08:13","04/11/2025","08:13:05",148904,2481.7,41.4,1.7,"C:/Users/94248/Desktop/output/DL-12/Sciurus_carolinensis","DL-12__2025-11-04__08-13-05(1).JPG",6,2025-11-04
NA,60,"Sciurus_carolinensis","05/11/2025 15:53","05/11/2025","15:53:39",114034,1900.6,31.7,1.3,"C:/Users/94248/Desktop/output/DL-12/Sciurus_carolinensis","DL-12__2025-11-05__15-53-39(1).JPG",2,2025-11-05
NA,60,"Sciurus_carolinensis","06/11/2025 09:29","06/11/2025","09:29:14",63335,1055.6,17.6,0.7,"C:/Users/94248/Desktop/output/DL-12/Sciurus_carolinensis","DL-12__2025-11-06__09-29-14(1).JPG",10,2025-11-06
NA,60,"Sciurus_carolinensis","06/11/2025 14:56","06/11/2025","14:56:15",19621,327,5.4,0.2,"C:/Users/94248/Desktop/output/DL-12/Sciurus_carolinensis","DL-12__2025-11-06__14-56-15(1).JPG",2,2025-11-06
NA,60,"Sciurus_carolinensis","07/11/2025 10:21","07/11/2025","10:21:01",0,0,0,0,"C:/Users/asus/Desktop/IC_R/assessment3/camera/DL-12/DL-12/Sciurus_carolinensis","DL-12__2025-11-07__10-21-01(1).JPG",2,2025-11-07
NA,60,"Sciurus_carolinensis","07/11/2025 14:05","07/11/2025","14:05:54",13493,224.9,3.7,0.2,"C:/Users/asus/Desktop/IC_R/assessment3/camera/DL-12/DL-12/Sciurus_carolinensis","DL-12__2025-11-07__14-05-54(1).JPG",2,2025-11-07
NA,60,"Sciurus_carolinensis","09/11/2025 11:58","09/11/2025","11:58:00",165126,2752.1,45.9,1.9,"C:/Users/asus/Desktop/IC_R/assessment3/camera/DL-12/DL-12/Sciurus_carolinensis","DL-12__2025-11-09__11-58-00(1).JPG",12,2025-11-09
NA,60,"Sciurus_carolinensis","09/11/2025 12:32","09/11/2025","12:32:27",2067,34.5,0.6,0,"C:/Users/asus/Desktop/IC_R/assessment3/camera/DL-12/DL-12/Sciurus_carolinensis","DL-12__2025-11-09__12-32-27(1).JPG",16,2025-11-09
NA,60,"Sciurus_carolinensis","09/11/2025 15:53","09/11/2025","15:53:07",12040,200.7,3.3,0.1,"C:/Users/asus/Desktop/IC_R/assessment3/camera/DL-12/DL-12/Sciurus_carolinensis","DL-12__2025-11-09__15-53-07(1).JPG",2,2025-11-09
NA,60,"Sciurus_carolinensis","12/11/2025 14:44","12/11/2025","14:44:23",255076,4251.3,70.9,3,"C:/Users/asus/Desktop/IC_R/assessment3/camera/DL-12/DL-12/Sciurus_carolinensis","DL-12__2025-11-12__14-44-23(1).JPG",2,2025-11-12
NA,60,"Sciurus_carolinensis","13/11/2025 07:21","13/11/2025","07:21:30",59827,997.1,16.6,0.7,"C:/Users/asus/Desktop/IC_R/assessment3/camera/DL-12/DL-12/Sciurus_carolinensis","DL-12__2025-11-13__07-21-30(1).JPG",2,2025-11-13
NA,60,"Sciurus_carolinensis","13/11/2025 08:08","13/11/2025","08:08:15",2805,46.8,0.8,0,"C:/Users/asus/Desktop/IC_R/assessment3/camera/DL-12/DL-12/Sciurus_carolinensis","DL-12__2025-11-13__08-08-15(1).JPG",4,2025-11-13
NA,60,"Sciurus_carolinensis","13/11/2025 11:53","13/11/2025","11:53:28",13513,225.2,3.8,0.2,"C:/Users/asus/Desktop/IC_R/assessment3/camera/DL-12/DL-12/Sciurus_carolinensis","DL-12__2025-11-13__11-53-28(1).JPG",2,2025-11-13
NA,60,"Sciurus_carolinensis","13/11/2025 15:20","13/11/2025","15:20:16",12408,206.8,3.4,0.1,"C:/Users/asus/Desktop/IC_R/assessment3/camera/DL-12/DL-12/Sciurus_carolinensis","DL-12__2025-11-13__15-20-16(1).JPG",4,2025-11-13
NA,60,"Sciurus_carolinensis","15/11/2025 08:01","15/11/2025","08:01:36",146480,2441.3,40.7,1.7,"C:/Users/asus/Desktop/IC_R/assessment3/camera/DL-12/DL-12/Sciurus_carolinensis","DL-12__2025-11-15__08-01-36(1).JPG",3,2025-11-15
NA,60,"Sciurus_carolinensis","16/11/2025 10:19","16/11/2025","10:19:13",94657,1577.6,26.3,1.1,"C:/Users/asus/Desktop/IC_R/assessment3/camera/DL-12/DL-12/Sciurus_carolinensis","DL-12__2025-11-16__10-19-13(1).JPG",2,2025-11-16
NA,60,"Vulpes_vulpes","12/10/2025 18:35","12/10/2025","18:35:27",0,0,0,0,"C:/Users/Home/Downloads/DL-12/Vulpes_vulpes","DL-12__2025-10-12__18-35-27(1).JPG",2,2025-10-12
NA,60,"Vulpes_vulpes","18/10/2025 04:24","18/10/2025","04:24:38",467351,7789.2,129.8,5.4,"C:/Users/Home/Downloads/DL-12/Vulpes_vulpes","DL-12__2025-10-18__04-24-38(1).JPG",2,2025-10-18
NA,60,"Vulpes_vulpes","29/10/2025 16:59","29/10/2025","16:59:20",0,0,0,0,"C:/Users/94248/Desktop/output/DL-12/Vulpes_vulpes","DL-12__2025-10-29__16-59-20(1).JPG",2,2025-10-29
NA,60,"Vulpes_vulpes","10/11/2025 17:20","10/11/2025","17:20:20",0,0,0,0,"C:/Users/asus/Desktop/IC_R/assessment3/camera/DL-12/DL-12/Vulpes_vulpes","DL-12__2025-11-10__17-20-20(1).JPG",2,2025-11-10
NA,60,"Vulpes_vulpes","14/11/2025 08:45","14/11/2025","08:45:06",314686,5244.8,87.4,3.6,"C:/Users/asus/Desktop/IC_R/assessment3/camera/DL-12/DL-12/Vulpes_vulpes","DL-12__2025-11-14__08-45-06(1).JPG",2,2025-11-14
NA,60,"Vulpes_vulpes","16/11/2025 04:55","16/11/2025","04:55:26",159020,2650.3,44.2,1.8,"C:/Users/asus/Desktop/IC_R/assessment3/camera/DL-12/DL-12/Vulpes_vulpes","DL-12__2025-11-16__04-55-26(1).JPG",2,2025-11-16
1,108,"Apodemus_sylvaticus","21/11/2025 20:27","21/11/2025","20:27:48",0,0,0,0,"/Users/reed/Rstudio/Data/LIFE70072 week9/2025 13/Station 108/Apodemus_sylvaticus","Station 108__2025-11-21__20-27-48(1).JPG",3,2025-11-21
2,108,"Capreolus_capreolus","20/10/2025 13:54","20/10/2025","13:54:24",0,0,0,0,"/Users/reed/Rstudio/Data/LIFE70072 week9/2025 13/Station 108/Capreolus_capreolus","Station 108__2025-10-20__13-54-24(1).JPG",8,2025-10-20
3,108,"Capreolus_capreolus","23/10/2025 17:34","23/10/2025","17:34:29",272405,4540.1,75.7,3.2,"/Users/reed/Rstudio/Data/LIFE70072 week9/2025 13/Station 108/Capreolus_capreolus","Station 108__2025-10-23__17-34-29(1).JPG",3,2025-10-23
4,108,"Capreolus_capreolus","23/10/2025 23:30","23/10/2025","23:30:09",21340,355.7,5.9,0.2,"/Users/reed/Rstudio/Data/LIFE70072 week9/2025 13/Station 108/Capreolus_capreolus","Station 108__2025-10-23__23-30-09(1).JPG",3,2025-10-23
5,108,"Capreolus_capreolus","25/10/2025 17:46","25/10/2025","17:46:51",152202,2536.7,42.3,1.8,"/Users/reed/Rstudio/Data/LIFE70072 week9/2025 13/Station 108/Capreolus_capreolus","Station 108__2025-10-25__17-46-51(1).JPG",12,2025-10-25
6,108,"Capreolus_capreolus","26/10/2025 17:25","26/10/2025","17:25:49",85138,1419,23.6,1,"/Users/reed/Rstudio/Data/LIFE70072 week9/2025 13/Station 108/Capreolus_capreolus","Station 108__2025-10-26__17-25-49(1).JPG",6,2025-10-26
7,108,"Capreolus_capreolus","26/10/2025 18:44","26/10/2025","18:44:47",4738,79,1.3,0.1,"/Users/reed/Rstudio/Data/LIFE70072 week9/2025 13/Station 108/Capreolus_capreolus","Station 108__2025-10-26__18-44-47(1).JPG",6,2025-10-26
8,108,"Capreolus_capreolus","27/10/2025 00:36","27/10/2025","00:36:37",21110,351.8,5.9,0.2,"/Users/reed/Rstudio/Data/LIFE70072 week9/2025 13/Station 108/Capreolus_capreolus","Station 108__2025-10-27__00-36-37(1).JPG",12,2025-10-27
9,108,"Capreolus_capreolus","02/11/2025 17:13","02/11/2025","17:13:57",578240,9637.3,160.6,6.7,"/Users/reed/Rstudio/Data/LIFE70072 week9/2025 13/Station 108/Capreolus_capreolus","Station 108__2025-11-02__17-13-57(1).JPG",3,2025-11-02
10,108,"Capreolus_capreolus","04/11/2025 03:47","04/11/2025","03:47:42",124425,2073.8,34.6,1.4,"/Users/reed/Rstudio/Data/LIFE70072 week9/2025 13/Station 108/Capreolus_capreolus","Station 108__2025-11-04__03-47-42(1).JPG",6,2025-11-04
11,108,"Capreolus_capreolus","10/11/2025 15:16","10/11/2025","15:16:31",559729,9328.8,155.5,6.5,"/Users/reed/Rstudio/Data/LIFE70072 week9/2025 13/Station 108/Capreolus_capreolus","Station 108__2025-11-10__15-16-31(4).JPG",3,2025-11-10
12,108,"Capreolus_capreolus","11/11/2025 23:41","11/11/2025","23:41:00",116669,1944.5,32.4,1.3,"/Users/reed/Rstudio/Data/LIFE70072 week9/2025 13/Station 108/Capreolus_capreolus","Station 108__2025-11-11__23-41-00(1).JPG",2,2025-11-11
13,108,"Capreolus_capreolus","21/11/2025 13:22","21/11/2025","13:22:00",826860,13781,229.7,9.6,"/Users/reed/Rstudio/Data/LIFE70072 week9/2025 13/Station 108/Capreolus_capreolus","Station 108__2025-11-21__13-22-00(1).JPG",3,2025-11-21
14,108,"Chiroptera sp.","18/11/2025 18:01","18/11/2025","18:01:30",0,0,0,0,"/Users/reed/Rstudio/Data/LIFE70072 week9/2025 13/Station 108/Chiroptera sp.","Station 108__2025-11-18__18-01-30(1).JPG",3,2025-11-18
15,108,"Homo_sapiens","08/10/2025 11:02","08/10/2025","11:02:54",0,0,0,0,"/Users/reed/Rstudio/Data/LIFE70072 week9/2025 13/Station 108/Homo_sapiens","Station 108_1__2025-10-08__11-02-54(1).JPG",18,2025-10-08
16,108,"Homo_sapiens","10/10/2025 09:41","10/10/2025","09:41:43",167929,2798.8,46.6,1.9,"/Users/reed/Rstudio/Data/LIFE70072 week9/2025 13/Station 108/Homo_sapiens","Station 108_1__2025-10-10__09-41-43(3).JPG",1,2025-10-10
17,108,"Homo_sapiens","10/10/2025 11:27","10/10/2025","11:27:31",6348,105.8,1.8,0.1,"/Users/reed/Rstudio/Data/LIFE70072 week9/2025 13/Station 108/Homo_sapiens","Station 108_1__2025-10-10__11-27-31(1).JPG",26,2025-10-10
18,108,"Muntiacus_reevesi","11/10/2025 00:44","11/10/2025","00:44:13",0,0,0,0,"/Users/reed/Rstudio/Data/LIFE70072 week9/2025 13/Station 108/Muntiacus_reevesi","Station 108__2025-10-11__00-44-13(1).JPG",6,2025-10-11
19,108,"Muntiacus_reevesi","11/10/2025 15:49","11/10/2025","15:49:49",54336,905.6,15.1,0.6,"/Users/reed/Rstudio/Data/LIFE70072 week9/2025 13/Station 108/Muntiacus_reevesi","Station 108__2025-10-11__15-49-49(1).JPG",12,2025-10-11
20,108,"Muntiacus_reevesi","13/10/2025 06:41","13/10/2025","06:41:58",139929,2332.2,38.9,1.6,"/Users/reed/Rstudio/Data/LIFE70072 week9/2025 13/Station 108/Muntiacus_reevesi","Station 108__2025-10-13__06-41-58(1).JPG",12,2025-10-13
21,108,"Muntiacus_reevesi","14/10/2025 04:30","14/10/2025","04:30:33",78515,1308.6,21.8,0.9,"/Users/reed/Rstudio/Data/LIFE70072 week9/2025 13/Station 108/Muntiacus_reevesi","Station 108__2025-10-14__04-30-33(1).JPG",9,2025-10-14
22,108,"Muntiacus_reevesi","15/10/2025 00:41","15/10/2025","00:41:12",72639,1210.7,20.2,0.8,"/Users/reed/Rstudio/Data/LIFE70072 week9/2025 13/Station 108/Muntiacus_reevesi","Station 108__2025-10-15__00-41-12(1).JPG",3,2025-10-15
23,108,"Muntiacus_reevesi","18/10/2025 06:28","18/10/2025","06:28:04",280012,4666.9,77.8,3.2,"/Users/reed/Rstudio/Data/LIFE70072 week9/2025 13/Station 108/Muntiacus_reevesi","Station 108__2025-10-18__06-28-04(1).JPG",3,2025-10-18
24,108,"Muntiacus_reevesi","18/10/2025 17:46","18/10/2025","17:46:11",40687,678.1,11.3,0.5,"/Users/reed/Rstudio/Data/LIFE70072 week9/2025 13/Station 108/Muntiacus_reevesi","Station 108__2025-10-18__17-46-11(1).JPG",9,2025-10-18
25,108,"Muntiacus_reevesi","19/10/2025 10:42","19/10/2025","10:42:01",60950,1015.8,16.9,0.7,"/Users/reed/Rstudio/Data/LIFE70072 week9/2025 13/Station 108/Muntiacus_reevesi","Station 108__2025-10-19__10-42-01(1).JPG",6,2025-10-19
26,108,"Muntiacus_reevesi","22/10/2025 04:54","22/10/2025","04:54:07",238326,3972.1,66.2,2.8,"/Users/reed/Rstudio/Data/LIFE70072 week9/2025 13/Station 108/Muntiacus_reevesi","Station 108__2025-10-22__04-54-07(1).JPG",3,2025-10-22
27,108,"Muntiacus_reevesi","22/10/2025 17:44","22/10/2025","17:44:57",46250,770.8,12.8,0.5,"/Users/reed/Rstudio/Data/LIFE70072 week9/2025 13/Station 108/Muntiacus_reevesi","Station 108__2025-10-22__17-44-57(1).JPG",12,2025-10-22
28,108,"Muntiacus_reevesi","24/10/2025 18:05","24/10/2025","18:05:39",174042,2900.7,48.3,2,"/Users/reed/Rstudio/Data/LIFE70072 week9/2025 13/Station 108/Muntiacus_reevesi","Station 108__2025-10-24__18-05-39(4).JPG",3,2025-10-24
29,108,"Muntiacus_reevesi","25/10/2025 17:21","25/10/2025","17:21:30",83751,1395.8,23.3,1,"/Users/reed/Rstudio/Data/LIFE70072 week9/2025 13/Station 108/Muntiacus_reevesi","Station 108__2025-10-25__17-21-30(1).JPG",3,2025-10-25
30,108,"Muntiacus_reevesi","26/10/2025 18:05","26/10/2025","18:05:21",89031,1483.8,24.7,1,"/Users/reed/Rstudio/Data/LIFE70072 week9/2025 13/Station 108/Muntiacus_reevesi","Station 108__2025-10-26__18-05-21(1).JPG",3,2025-10-26
31,108,"Muntiacus_reevesi","28/10/2025 00:44","28/10/2025","00:44:27",110346,1839.1,30.7,1.3,"/Users/reed/Rstudio/Data/LIFE70072 week9/2025 13/Station 108/Muntiacus_reevesi","Station 108__2025-10-28__00-44-27(1).JPG",6,2025-10-28
32,108,"Muntiacus_reevesi","30/10/2025 07:14","30/10/2025","07:14:55",196228,3270.5,54.5,2.3,"/Users/reed/Rstudio/Data/LIFE70072 week9/2025 13/Station 108/Muntiacus_reevesi","Station 108__2025-10-30__07-14-55(1).JPG",3,2025-10-30
33,108,"Muntiacus_reevesi","31/10/2025 17:04","31/10/2025","17:04:20",121765,2029.4,33.8,1.4,"/Users/reed/Rstudio/Data/LIFE70072 week9/2025 13/Station 108/Muntiacus_reevesi","Station 108__2025-10-31__17-04-20(1).JPG",3,2025-10-31
34,108,"Muntiacus_reevesi","01/11/2025 17:47","01/11/2025","17:47:57",89017,1483.6,24.7,1,"/Users/reed/Rstudio/Data/LIFE70072 week9/2025 13/Station 108/Muntiacus_reevesi","Station 108__2025-11-01__17-47-57(1).JPG",3,2025-11-01
35,108,"Muntiacus_reevesi","02/11/2025 17:14","02/11/2025","17:14:11",84374,1406.2,23.4,1,"/Users/reed/Rstudio/Data/LIFE70072 week9/2025 13/Station 108/Muntiacus_reevesi","Station 108__2025-11-02__17-14-11(2).JPG",27,2025-11-02
36,108,"Muntiacus_reevesi","02/11/2025 18:01","02/11/2025","18:01:14",2823,47,0.8,0,"/Users/reed/Rstudio/Data/LIFE70072 week9/2025 13/Station 108/Muntiacus_reevesi","Station 108__2025-11-02__18-01-14(1).JPG",3,2025-11-02
37,108,"Muntiacus_reevesi","02/11/2025 20:15","02/11/2025","20:15:39",8065,134.4,2.2,0.1,"/Users/reed/Rstudio/Data/LIFE70072 week9/2025 13/Station 108/Muntiacus_reevesi","Station 108__2025-11-02__20-15-39(1).JPG",24,2025-11-02
38,108,"Muntiacus_reevesi","02/11/2025 22:59","02/11/2025","22:59:19",9820,163.7,2.7,0.1,"/Users/reed/Rstudio/Data/LIFE70072 week9/2025 13/Station 108/Muntiacus_reevesi","Station 108__2025-11-02__22-59-19(5).JPG",2,2025-11-02
39,108,"Muntiacus_reevesi","03/11/2025 16:59","03/11/2025","16:59:21",64802,1080,18,0.8,"/Users/reed/Rstudio/Data/LIFE70072 week9/2025 13/Station 108/Muntiacus_reevesi","Station 108__2025-11-03__16-59-21(1).JPG",6,2025-11-03
40,108,"Muntiacus_reevesi","04/11/2025 03:48","04/11/2025","03:48:08",38927,648.8,10.8,0.4,"/Users/reed/Rstudio/Data/LIFE70072 week9/2025 13/Station 108/Muntiacus_reevesi","Station 108__2025-11-04__03-48-08(1).JPG",6,2025-11-04
41,108,"Muntiacus_reevesi","05/11/2025 18:54","05/11/2025","18:54:39",140791,2346.5,39.1,1.6,"/Users/reed/Rstudio/Data/LIFE70072 week9/2025 13/Station 108/Muntiacus_reevesi","Station 108__2025-11-05__18-54-39(1).JPG",3,2025-11-05
42,108,"Muntiacus_reevesi","06/11/2025 06:03","06/11/2025","06:03:42",40143,669,11.2,0.5,"/Users/reed/Rstudio/Data/LIFE70072 week9/2025 13/Station 108/Muntiacus_reevesi","Station 108__2025-11-06__06-03-42(1).JPG",3,2025-11-06
43,108,"Muntiacus_reevesi","06/11/2025 16:50","06/11/2025","16:50:31",38809,646.8,10.8,0.4,"/Users/reed/Rstudio/Data/LIFE70072 week9/2025 13/Station 108/Muntiacus_reevesi","Station 108__2025-11-06__16-50-31(1).JPG",6,2025-11-06
44,108,"Muntiacus_reevesi","06/11/2025 18:09","06/11/2025","18:09:59",4768,79.5,1.3,0.1,"/Users/reed/Rstudio/Data/LIFE70072 week9/2025 13/Station 108/Muntiacus_reevesi","Station 108__2025-11-06__18-09-59(1).JPG",3,2025-11-06
45,108,"Muntiacus_reevesi","07/11/2025 04:49","07/11/2025","04:49:48",38389,639.8,10.7,0.4,"/Users/reed/Rstudio/Data/LIFE70072 week9/2025 13/Station 108/Muntiacus_reevesi","Station 108__2025-11-07__04-49-48(4).JPG",3,2025-11-07
46,108,"Muntiacus_reevesi","07/11/2025 05:23","07/11/2025","05:23:41",2033,33.9,0.6,0,"/Users/reed/Rstudio/Data/LIFE70072 week9/2025 13/Station 108/Muntiacus_reevesi","Station 108__2025-11-07__05-23-41(1).JPG",3,2025-11-07
47,108,"Muntiacus_reevesi","07/11/2025 23:58","07/11/2025","23:58:12",66871,1114.5,18.6,0.8,"/Users/reed/Rstudio/Data/LIFE70072 week9/2025 13/Station 108/Muntiacus_reevesi","Station 108__2025-11-07__23-58-12(1).JPG",6,2025-11-07
48,108,"Muntiacus_reevesi","08/11/2025 02:17","08/11/2025","02:17:44",8372,139.5,2.3,0.1,"/Users/reed/Rstudio/Data/LIFE70072 week9/2025 13/Station 108/Muntiacus_reevesi","Station 108__2025-11-08__02-17-44(1).JPG",3,2025-11-08
49,108,"Muntiacus_reevesi","09/11/2025 04:19","09/11/2025","04:19:39",93715,1561.9,26,1.1,"/Users/reed/Rstudio/Data/LIFE70072 week9/2025 13/Station 108/Muntiacus_reevesi","Station 108__2025-11-09__04-19-39(1).JPG",3,2025-11-09
50,108,"Muntiacus_reevesi","10/11/2025 15:16","10/11/2025","15:16:15",125796,2096.6,34.9,1.5,"/Users/reed/Rstudio/Data/LIFE70072 week9/2025 13/Station 108/Muntiacus_reevesi","Station 108__2025-11-10__15-16-15(1).JPG",3,2025-11-10
51,108,"Muntiacus_reevesi","19/11/2025 22:59","19/11/2025","22:59:03",805368,13422.8,223.7,9.3,"/Users/reed/Rstudio/Data/LIFE70072 week9/2025 13/Station 108/Muntiacus_reevesi","Station 108__2025-11-19__22-59-03(1).JPG",3,2025-11-19
52,108,"Muntiacus_reevesi","20/11/2025 02:39","20/11/2025","02:39:43",13240,220.7,3.7,0.2,"/Users/reed/Rstudio/Data/LIFE70072 week9/2025 13/Station 108/Muntiacus_reevesi","Station 108__2025-11-20__02-39-43(1).JPG",3,2025-11-20
53,108,"Muntiacus_reevesi","21/11/2025 13:23","21/11/2025","13:23:30",125027,2083.8,34.7,1.4,"/Users/reed/Rstudio/Data/LIFE70072 week9/2025 13/Station 108/Muntiacus_reevesi","Station 108__2025-11-21__13-23-30(1).JPG",6,2025-11-21
54,108,"Muntiacus_reevesi","22/11/2025 08:14","22/11/2025","08:14:05",67835,1130.6,18.8,0.8,"/Users/reed/Rstudio/Data/LIFE70072 week9/2025 13/Station 108/Muntiacus_reevesi","Station 108__2025-11-22__08-14-05(1).JPG",3,2025-11-22
55,108,"Muntiacus_reevesi","23/11/2025 12:09","23/11/2025","12:09:49",100544,1675.7,27.9,1.2,"/Users/reed/Rstudio/Data/LIFE70072 week9/2025 13/Station 108/Muntiacus_reevesi","Station 108__2025-11-23__12-09-49(1).JPG",3,2025-11-23
56,108,"Muntiacus_reevesi","24/11/2025 09:54","24/11/2025","09:54:44",78295,1304.9,21.7,0.9,"/Users/reed/Rstudio/Data/LIFE70072 week9/2025 13/Station 108/Muntiacus_reevesi","Station 108__2025-11-24__09-54-44(1).JPG",3,2025-11-24
57,108,"Oryctolagus_cuniculus","08/10/2025 22:50","08/10/2025","22:50:29",0,0,0,0,"/Users/reed/Rstudio/Data/LIFE70072 week9/2025 13/Station 108/Oryctolagus_cuniculus","Station 108_1__2025-10-08__22-50-29(1).JPG",3,2025-10-08
58,108,"Phasianus_colchicus","26/10/2025 11:31","26/10/2025","11:31:31",0,0,0,0,"/Users/reed/Rstudio/Data/LIFE70072 week9/2025 13/Station 108/Phasianus_colchicus","Station 108__2025-10-26__11-31-31(1).JPG",6,2025-10-26
59,108,"Phasianus_colchicus","06/11/2025 09:15","06/11/2025","09:15:48",942257,15704.3,261.7,10.9,"/Users/reed/Rstudio/Data/LIFE70072 week9/2025 13/Station 108/Phasianus_colchicus","Station 108__2025-11-06__09-15-48(1).JPG",3,2025-11-06
60,108,"Phasianus_colchicus","21/11/2025 12:14","21/11/2025","12:14:48",1306740,21779,363,15.1,"/Users/reed/Rstudio/Data/LIFE70072 week9/2025 13/Station 108/Phasianus_colchicus","Station 108__2025-11-21__12-14-48(1).JPG",12,2025-11-21
61,108,"Sciurus_carolinensis","08/10/2025 16:51","08/10/2025","16:51:08",0,0,0,0,"/Users/reed/Rstudio/Data/LIFE70072 week9/2025 13/Station 108/Sciurus_carolinensis","Station 108_1__2025-10-08__16-51-08(1).JPG",2,2025-10-08
62,108,"Sciurus_carolinensis","09/10/2025 09:19","09/10/2025","09:19:24",59296,988.3,16.5,0.7,"/Users/reed/Rstudio/Data/LIFE70072 week9/2025 13/Station 108/Sciurus_carolinensis","Station 108_1__2025-10-09__09-19-24(1).JPG",6,2025-10-09
63,108,"Sciurus_carolinensis","09/10/2025 12:26","09/10/2025","12:26:55",11251,187.5,3.1,0.1,"/Users/reed/Rstudio/Data/LIFE70072 week9/2025 13/Station 108/Sciurus_carolinensis","Station 108_1__2025-10-09__12-26-55(1).JPG",6,2025-10-09
64,108,"Sciurus_carolinensis","09/10/2025 12:59","09/10/2025","12:59:14",1939,32.3,0.5,0,"/Users/reed/Rstudio/Data/LIFE70072 week9/2025 13/Station 108/Sciurus_carolinensis","Station 108_1__2025-10-09__12-59-14(1).JPG",3,2025-10-09
65,108,"Sciurus_carolinensis","09/10/2025 15:48","09/10/2025","15:48:55",10181,169.7,2.8,0.1,"/Users/reed/Rstudio/Data/LIFE70072 week9/2025 13/Station 108/Sciurus_carolinensis","Station 108_1__2025-10-09__15-48-55(1).JPG",6,2025-10-09
66,108,"Sciurus_carolinensis","09/10/2025 17:26","09/10/2025","17:26:06",5831,97.2,1.6,0.1,"/Users/reed/Rstudio/Data/LIFE70072 week9/2025 13/Station 108/Sciurus_carolinensis","Station 108_1__2025-10-09__17-26-06(1).JPG",6,2025-10-09
67,108,"Sciurus_carolinensis","10/10/2025 09:41","10/10/2025","09:41:39",58533,975.5,16.3,0.7,"/Users/reed/Rstudio/Data/LIFE70072 week9/2025 13/Station 108/Sciurus_carolinensis","Station 108_1__2025-10-10__09-41-39(1).JPG",2,2025-10-10
68,108,"Sciurus_carolinensis","10/10/2025 12:57","10/10/2025","12:57:47",11768,196.1,3.3,0.1,"/Users/reed/Rstudio/Data/LIFE70072 week9/2025 13/Station 108/Sciurus_carolinensis","Station 108_1__2025-10-10__12-57-47(1).JPG",6,2025-10-10
69,108,"Sciurus_carolinensis","10/10/2025 14:00","10/10/2025","14:00:39",3772,62.9,1,0,"/Users/reed/Rstudio/Data/LIFE70072 week9/2025 13/Station 108/Sciurus_carolinensis","Station 108__2025-10-10__14-00-39(1).JPG",3,2025-10-10
70,108,"Sciurus_carolinensis","12/10/2025 07:30","12/10/2025","07:30:35",149396,2489.9,41.5,1.7,"/Users/reed/Rstudio/Data/LIFE70072 week9/2025 13/Station 108/Sciurus_carolinensis","Station 108__2025-10-12__07-30-35(1).JPG",9,2025-10-12
71,108,"Sciurus_carolinensis","12/10/2025 08:07","12/10/2025","08:07:54",2239,37.3,0.6,0,"/Users/reed/Rstudio/Data/LIFE70072 week9/2025 13/Station 108/Sciurus_carolinensis","Station 108__2025-10-12__08-07-54(1).JPG",3,2025-10-12
72,108,"Sciurus_carolinensis","12/10/2025 09:51","12/10/2025","09:51:34",6220,103.7,1.7,0.1,"/Users/reed/Rstudio/Data/LIFE70072 week9/2025 13/Station 108/Sciurus_carolinensis","Station 108__2025-10-12__09-51-34(1).JPG",6,2025-10-12
73,108,"Sciurus_carolinensis","12/10/2025 12:17","12/10/2025","12:17:09",8735,145.6,2.4,0.1,"/Users/reed/Rstudio/Data/LIFE70072 week9/2025 13/Station 108/Sciurus_carolinensis","Station 108__2025-10-12__12-17-09(1).JPG",6,2025-10-12
74,108,"Sciurus_carolinensis","13/10/2025 12:43","13/10/2025","12:43:14",87965,1466.1,24.4,1,"/Users/reed/Rstudio/Data/LIFE70072 week9/2025 13/Station 108/Sciurus_carolinensis","Station 108__2025-10-13__12-43-14(1).JPG",3,2025-10-13
75,108,"Sciurus_carolinensis","13/10/2025 15:15","13/10/2025","15:15:27",9133,152.2,2.5,0.1,"/Users/reed/Rstudio/Data/LIFE70072 week9/2025 13/Station 108/Sciurus_carolinensis","Station 108__2025-10-13__15-15-27(1).JPG",3,2025-10-13
76,108,"Sciurus_carolinensis","13/10/2025 16:21","13/10/2025","16:21:35",3968,66.1,1.1,0,"/Users/reed/Rstudio/Data/LIFE70072 week9/2025 13/Station 108/Sciurus_carolinensis","Station 108__2025-10-13__16-21-35(1).JPG",3,2025-10-13
77,108,"Sciurus_carolinensis","14/10/2025 09:20","14/10/2025","09:20:21",61126,1018.8,17,0.7,"/Users/reed/Rstudio/Data/LIFE70072 week9/2025 13/Station 108/Sciurus_carolinensis","Station 108__2025-10-14__09-20-21(1).JPG",9,2025-10-14
78,108,"Sciurus_carolinensis","14/10/2025 10:23","14/10/2025","10:23:13",3772,62.9,1,0,"/Users/reed/Rstudio/Data/LIFE70072 week9/2025 13/Station 108/Sciurus_carolinensis","Station 108__2025-10-14__10-23-13(1).JPG",3,2025-10-14
79,108,"Sciurus_carolinensis","14/10/2025 12:51","14/10/2025","12:51:05",8872,147.9,2.5,0.1,"/Users/reed/Rstudio/Data/LIFE70072 week9/2025 13/Station 108/Sciurus_carolinensis","Station 108__2025-10-14__12-51-05(1).JPG",3,2025-10-14
80,108,"Sciurus_carolinensis","15/10/2025 08:31","15/10/2025","08:31:36",70831,1180.5,19.7,0.8,"/Users/reed/Rstudio/Data/LIFE70072 week9/2025 13/Station 108/Sciurus_carolinensis","Station 108__2025-10-15__08-31-36(1).JPG",9,2025-10-15
81,108,"Sciurus_carolinensis","16/10/2025 08:45","16/10/2025","08:45:40",87244,1454.1,24.2,1,"/Users/reed/Rstudio/Data/LIFE70072 week9/2025 13/Station 108/Sciurus_carolinensis","Station 108__2025-10-16__08-45-40(1).JPG",6,2025-10-16
82,108,"Sciurus_carolinensis","16/10/2025 09:46","16/10/2025","09:46:38",3658,61,1,0,"/Users/reed/Rstudio/Data/LIFE70072 week9/2025 13/Station 108/Sciurus_carolinensis","Station 108__2025-10-16__09-46-38(1).JPG",3,2025-10-16
83,108,"Sciurus_carolinensis","16/10/2025 14:01","16/10/2025","14:01:40",15302,255,4.2,0.2,"/Users/reed/Rstudio/Data/LIFE70072 week9/2025 13/Station 108/Sciurus_carolinensis","Station 108__2025-10-16__14-01-40(1).JPG",3,2025-10-16
84,108,"Sciurus_carolinensis","16/10/2025 17:11","16/10/2025","17:11:06",11366,189.4,3.2,0.1,"/Users/reed/Rstudio/Data/LIFE70072 week9/2025 13/Station 108/Sciurus_carolinensis","Station 108__2025-10-16__17-11-06(1).JPG",3,2025-10-16
85,108,"Sciurus_carolinensis","16/10/2025 17:49","16/10/2025","17:49:07",2281,38,0.6,0,"/Users/reed/Rstudio/Data/LIFE70072 week9/2025 13/Station 108/Sciurus_carolinensis","Station 108__2025-10-16__17-49-07(1).JPG",3,2025-10-16
86,108,"Sciurus_carolinensis","17/10/2025 11:37","17/10/2025","11:37:10",64083,1068,17.8,0.7,"/Users/reed/Rstudio/Data/LIFE70072 week9/2025 13/Station 108/Sciurus_carolinensis","Station 108__2025-10-17__11-37-10(1).JPG",3,2025-10-17
87,108,"Sciurus_carolinensis","17/10/2025 14:20","17/10/2025","14:20:18",9788,163.1,2.7,0.1,"/Users/reed/Rstudio/Data/LIFE70072 week9/2025 13/Station 108/Sciurus_carolinensis","Station 108__2025-10-17__14-20-18(1).JPG",6,2025-10-17
88,108,"Sciurus_carolinensis","17/10/2025 17:33","17/10/2025","17:33:08",11570,192.8,3.2,0.1,"/Users/reed/Rstudio/Data/LIFE70072 week9/2025 13/Station 108/Sciurus_carolinensis","Station 108__2025-10-17__17-33-08(1).JPG",3,2025-10-17
89,108,"Sciurus_carolinensis","18/10/2025 15:35","18/10/2025","15:35:20",79332,1322.2,22,0.9,"/Users/reed/Rstudio/Data/LIFE70072 week9/2025 13/Station 108/Sciurus_carolinensis","Station 108__2025-10-18__15-35-20(1).JPG",6,2025-10-18
90,108,"Sciurus_carolinensis","18/10/2025 17:13","18/10/2025","17:13:43",5903,98.4,1.6,0.1,"/Users/reed/Rstudio/Data/LIFE70072 week9/2025 13/Station 108/Sciurus_carolinensis","Station 108__2025-10-18__17-13-43(1).JPG",3,2025-10-18
91,108,"Sciurus_carolinensis","19/10/2025 07:43","19/10/2025","07:43:25",52182,869.7,14.5,0.6,"/Users/reed/Rstudio/Data/LIFE70072 week9/2025 13/Station 108/Sciurus_carolinensis","Station 108__2025-10-19__07-43-25(1).JPG",3,2025-10-19
92,108,"Sciurus_carolinensis","19/10/2025 08:28","19/10/2025","08:28:54",2729,45.5,0.8,0,"/Users/reed/Rstudio/Data/LIFE70072 week9/2025 13/Station 108/Sciurus_carolinensis","Station 108__2025-10-19__08-28-54(1).JPG",6,2025-10-19
93,108,"Sciurus_carolinensis","19/10/2025 10:27","19/10/2025","10:27:54",7140,119,2,0.1,"/Users/reed/Rstudio/Data/LIFE70072 week9/2025 13/Station 108/Sciurus_carolinensis","Station 108__2025-10-19__10-27-54(1).JPG",3,2025-10-19
94,108,"Sciurus_carolinensis","19/10/2025 11:36","19/10/2025","11:36:53",4139,69,1.1,0,"/Users/reed/Rstudio/Data/LIFE70072 week9/2025 13/Station 108/Sciurus_carolinensis","Station 108__2025-10-19__11-36-53(1).JPG",3,2025-10-19
95,108,"Sciurus_carolinensis","19/10/2025 12:37","19/10/2025","12:37:30",3637,60.6,1,0,"/Users/reed/Rstudio/Data/LIFE70072 week9/2025 13/Station 108/Sciurus_carolinensis","Station 108__2025-10-19__12-37-30(1).JPG",9,2025-10-19
96,108,"Sciurus_carolinensis","20/10/2025 16:04","20/10/2025","16:04:47",98837,1647.3,27.5,1.1,"/Users/reed/Rstudio/Data/LIFE70072 week9/2025 13/Station 108/Sciurus_carolinensis","Station 108__2025-10-20__16-04-47(1).JPG",3,2025-10-20
97,108,"Sciurus_carolinensis","21/10/2025 07:59","21/10/2025","07:59:58",57311,955.2,15.9,0.7,"/Users/reed/Rstudio/Data/LIFE70072 week9/2025 13/Station 108/Sciurus_carolinensis","Station 108__2025-10-21__07-59-58(1).JPG",3,2025-10-21
98,108,"Sciurus_carolinensis","21/10/2025 09:36","21/10/2025","09:36:24",5786,96.4,1.6,0.1,"/Users/reed/Rstudio/Data/LIFE70072 week9/2025 13/Station 108/Sciurus_carolinensis","Station 108__2025-10-21__09-36-24(1).JPG",3,2025-10-21
99,108,"Sciurus_carolinensis","21/10/2025 11:38","21/10/2025","11:38:50",7346,122.4,2,0.1,"/Users/reed/Rstudio/Data/LIFE70072 week9/2025 13/Station 108/Sciurus_carolinensis","Station 108__2025-10-21__11-38-50(1).JPG",3,2025-10-21
100,108,"Sciurus_carolinensis","22/10/2025 08:14","22/10/2025","08:14:40",74150,1235.8,20.6,0.9,"/Users/reed/Rstudio/Data/LIFE70072 week9/2025 13/Station 108/Sciurus_carolinensis","Station 108__2025-10-22__08-14-40(1).JPG",6,2025-10-22
101,108,"Sciurus_carolinensis","22/10/2025 11:46","22/10/2025","11:46:44",12724,212.1,3.5,0.1,"/Users/reed/Rstudio/Data/LIFE70072 week9/2025 13/Station 108/Sciurus_carolinensis","Station 108__2025-10-22__11-46-44(1).JPG",3,2025-10-22
102,108,"Sciurus_carolinensis","22/10/2025 13:41","22/10/2025","13:41:15",6871,114.5,1.9,0.1,"/Users/reed/Rstudio/Data/LIFE70072 week9/2025 13/Station 108/Sciurus_carolinensis","Station 108__2025-10-22__13-41-15(1).JPG",3,2025-10-22
103,108,"Sciurus_carolinensis","22/10/2025 14:40","22/10/2025","14:40:08",3533,58.9,1,0,"/Users/reed/Rstudio/Data/LIFE70072 week9/2025 13/Station 108/Sciurus_carolinensis","Station 108__2025-10-22__14-40-08(1).JPG",3,2025-10-22
104,108,"Sciurus_carolinensis","22/10/2025 17:32","22/10/2025","17:32:50",10362,172.7,2.9,0.1,"/Users/reed/Rstudio/Data/LIFE70072 week9/2025 13/Station 108/Sciurus_carolinensis","Station 108__2025-10-22__17-32-50(1).JPG",3,2025-10-22
105,108,"Sciurus_carolinensis","24/10/2025 10:47","24/10/2025","10:47:57",148507,2475.1,41.3,1.7,"/Users/reed/Rstudio/Data/LIFE70072 week9/2025 13/Station 108/Sciurus_carolinensis","Station 108__2025-10-24__10-47-57(1).JPG",3,2025-10-24
106,108,"Sciurus_carolinensis","27/10/2025 15:35","27/10/2025","15:35:02",276425,4607.1,76.8,3.2,"/Users/reed/Rstudio/Data/LIFE70072 week9/2025 13/Station 108/Sciurus_carolinensis","Station 108__2025-10-27__15-35-02(1).JPG",6,2025-10-27
107,108,"Sciurus_carolinensis","28/10/2025 09:24","28/10/2025","09:24:59",64197,1070,17.8,0.7,"/Users/reed/Rstudio/Data/LIFE70072 week9/2025 13/Station 108/Sciurus_carolinensis","Station 108__2025-10-28__09-24-59(1).JPG",3,2025-10-28
108,108,"Sciurus_carolinensis","01/11/2025 16:58","01/11/2025","16:58:03",372784,6213.1,103.6,4.3,"/Users/reed/Rstudio/Data/LIFE70072 week9/2025 13/Station 108/Sciurus_carolinensis","Station 108__2025-11-01__16-58-03(1).JPG",6,2025-11-01
109,108,"Sciurus_carolinensis","03/11/2025 07:54","03/11/2025","07:54:35",140192,2336.5,38.9,1.6,"/Users/reed/Rstudio/Data/LIFE70072 week9/2025 13/Station 108/Sciurus_carolinensis","Station 108__2025-11-03__07-54-35(2).JPG",2,2025-11-03
110,108,"Sciurus_carolinensis","04/11/2025 08:54","04/11/2025","08:54:43",90008,1500.1,25,1,"/Users/reed/Rstudio/Data/LIFE70072 week9/2025 13/Station 108/Sciurus_carolinensis","Station 108__2025-11-04__08-54-43(1).JPG",3,2025-11-04
111,108,"Sciurus_carolinensis","05/11/2025 10:08","05/11/2025","10:08:24",90821,1513.7,25.2,1,"/Users/reed/Rstudio/Data/LIFE70072 week9/2025 13/Station 108/Sciurus_carolinensis","Station 108__2025-11-05__10-08-24(1).JPG",15,2025-11-05
112,108,"Sciurus_carolinensis","05/11/2025 16:54","05/11/2025","16:54:32",24368,406.1,6.8,0.3,"/Users/reed/Rstudio/Data/LIFE70072 week9/2025 13/Station 108/Sciurus_carolinensis","Station 108__2025-11-05__16-54-32(1).JPG",3,2025-11-05
113,108,"Sciurus_carolinensis","06/11/2025 15:48","06/11/2025","15:48:33",82441,1374,22.9,1,"/Users/reed/Rstudio/Data/LIFE70072 week9/2025 13/Station 108/Sciurus_carolinensis","Station 108__2025-11-06__15-48-33(1).JPG",3,2025-11-06
114,108,"Sciurus_carolinensis","08/11/2025 13:46","08/11/2025","13:46:46",165493,2758.2,46,1.9,"/Users/reed/Rstudio/Data/LIFE70072 week9/2025 13/Station 108/Sciurus_carolinensis","Station 108__2025-11-08__13-46-46(1).JPG",3,2025-11-08
115,108,"Sciurus_carolinensis","09/11/2025 16:32","09/11/2025","16:32:01",96315,1605.2,26.8,1.1,"/Users/reed/Rstudio/Data/LIFE70072 week9/2025 13/Station 108/Sciurus_carolinensis","Station 108__2025-11-09__16-32-01(1).JPG",8,2025-11-09
116,108,"Sciurus_carolinensis","10/11/2025 12:27","10/11/2025","12:27:06",71705,1195.1,19.9,0.8,"/Users/reed/Rstudio/Data/LIFE70072 week9/2025 13/Station 108/Sciurus_carolinensis","Station 108__2025-11-10__12-27-06(1).JPG",3,2025-11-10
117,108,"Sciurus_carolinensis","13/11/2025 13:15","13/11/2025","13:15:15",262089,4368.1,72.8,3,"/Users/reed/Rstudio/Data/LIFE70072 week9/2025 13/Station 108/Sciurus_carolinensis","Station 108__2025-11-13__13-15-15(1).JPG",3,2025-11-13
118,108,"Sciurus_carolinensis","15/11/2025 09:17","15/11/2025","09:17:19",158524,2642.1,44,1.8,"/Users/reed/Rstudio/Data/LIFE70072 week9/2025 13/Station 108/Sciurus_carolinensis","Station 108__2025-11-15__09-17-19(1).JPG",3,2025-11-15
119,108,"Sciurus_carolinensis","15/11/2025 12:51","15/11/2025","12:51:18",12839,214,3.6,0.1,"/Users/reed/Rstudio/Data/LIFE70072 week9/2025 13/Station 108/Sciurus_carolinensis","Station 108__2025-11-15__12-51-18(1).JPG",3,2025-11-15
120,108,"Sciurus_carolinensis","16/11/2025 09:14","16/11/2025","09:14:02",73364,1222.7,20.4,0.8,"/Users/reed/Rstudio/Data/LIFE70072 week9/2025 13/Station 108/Sciurus_carolinensis","Station 108__2025-11-16__09-14-02(1).JPG",3,2025-11-16
121,108,"Sciurus_carolinensis","17/11/2025 16:23","17/11/2025","16:23:31",112169,1869.5,31.2,1.3,"/Users/reed/Rstudio/Data/LIFE70072 week9/2025 13/Station 108/Sciurus_carolinensis","Station 108__2025-11-17__16-23-31(4).JPG",3,2025-11-17
122,108,"Sciurus_carolinensis","18/11/2025 16:19","18/11/2025","16:19:59",86188,1436.5,23.9,1,"/Users/reed/Rstudio/Data/LIFE70072 week9/2025 13/Station 108/Sciurus_carolinensis","Station 108__2025-11-18__16-19-59(1).JPG",9,2025-11-18
123,108,"Sciurus_carolinensis","20/11/2025 14:10","20/11/2025","14:10:15",165016,2750.3,45.8,1.9,"/Users/reed/Rstudio/Data/LIFE70072 week9/2025 13/Station 108/Sciurus_carolinensis","Station 108__2025-11-20__14-10-15(1).JPG",3,2025-11-20
124,108,"Sciurus_carolinensis","22/11/2025 09:01","22/11/2025","09:01:49",154294,2571.6,42.9,1.8,"/Users/reed/Rstudio/Data/LIFE70072 week9/2025 13/Station 108/Sciurus_carolinensis","Station 108__2025-11-22__09-01-49(1).JPG",6,2025-11-22
125,108,"Sciurus_carolinensis","23/11/2025 09:42","23/11/2025","09:42:34",88845,1480.8,24.7,1,"/Users/reed/Rstudio/Data/LIFE70072 week9/2025 13/Station 108/Sciurus_carolinensis","Station 108__2025-11-23__09-42-34(1).JPG",3,2025-11-23
126,108,"Vulpes_vulpes","15/10/2025 22:37","15/10/2025","22:37:06",0,0,0,0,"/Users/reed/Rstudio/Data/LIFE70072 week9/2025 13/Station 108/Vulpes_vulpes","Station 108__2025-10-15__22-37-06(1).JPG",3,2025-10-15
127,108,"Vulpes_vulpes","17/10/2025 01:04","17/10/2025","01:04:51",95265,1587.8,26.5,1.1,"/Users/reed/Rstudio/Data/LIFE70072 week9/2025 13/Station 108/Vulpes_vulpes","Station 108__2025-10-17__01-04-51(1).JPG",3,2025-10-17
128,108,"Vulpes_vulpes","17/10/2025 19:02","17/10/2025","19:02:51",64680,1078,18,0.8,"/Users/reed/Rstudio/Data/LIFE70072 week9/2025 13/Station 108/Vulpes_vulpes","Station 108__2025-10-17__19-02-51(1).JPG",3,2025-10-17
129,108,"Vulpes_vulpes","18/10/2025 12:47","18/10/2025","12:47:46",63895,1064.9,17.7,0.7,"/Users/reed/Rstudio/Data/LIFE70072 week9/2025 13/Station 108/Vulpes_vulpes","Station 108__2025-10-18__12-47-46(1).JPG",3,2025-10-18
130,108,"Vulpes_vulpes","12/11/2025 07:24","12/11/2025","07:24:41",2140615,35676.9,594.6,24.8,"/Users/reed/Rstudio/Data/LIFE70072 week9/2025 13/Station 108/Vulpes_vulpes","Station 108__2025-11-12__07-24-41(1).JPG",3,2025-11-12
1,49,"Aix galericulata","08/10/2025 16:26","08/10/2025","16:26:50",0,0,0,0,"../output/camera/everyones_Species/Aix galericulata","camera_15_49_2025__2025-10-08__16-26-50(1).JPG",6,2025-10-08
2,49,"Capreolus capreolus","14/10/2025 02:42","14/10/2025","02:42:32",0,0,0,0,"../output/camera/everyones_Species/Capreolus capreolus","camera_15_49_2025__2025-10-14__02-42-32(1).JPG",3,2025-10-14
3,49,"Capreolus capreolus","14/10/2025 18:56","14/10/2025","18:56:51",58459,974.3,16.2,0.7,"../output/camera/everyones_Species/Capreolus capreolus","camera_15_49_2025__2025-10-14__18-56-51(1).JPG",3,2025-10-14
4,49,"Capreolus capreolus","16/10/2025 03:00","16/10/2025","03:00:33",115422,1923.7,32.1,1.3,"../output/camera/everyones_Species/Capreolus capreolus","camera_15_49_2025__2025-10-16__03-00-33(1).JPG",3,2025-10-16
5,49,"Capreolus capreolus","17/10/2025 19:38","17/10/2025","19:38:28",146275,2437.9,40.6,1.7,"../output/camera/everyones_Species/Capreolus capreolus","Images__2025-10-17__19-38-28(1).JPG",3,2025-10-17
6,49,"Capreolus capreolus","23/10/2025 04:29","23/10/2025","04:29:08",463840,7730.7,128.8,5.4,"../output/camera/everyones_Species/Capreolus capreolus","Images__2025-10-23__04-29-08(1).JPG",3,2025-10-23
7,49,"Capreolus capreolus","02/11/2025 06:46","02/11/2025","06:46:30",872242,14537.4,242.3,10.1,"../output/camera/everyones_Species/Capreolus capreolus","Images__2025-11-02__06-46-30(1).JPG",3,2025-11-02
8,49,"Capreolus capreolus","05/11/2025 07:48","05/11/2025","07:48:29",262919,4382,73,3,"../output/camera/everyones_Species/Capreolus capreolus","camera_15_49_2025__2025-11-05__07-48-29(1).JPG",3,2025-11-05
9,49,"Capreolus capreolus","17/11/2025 22:21","17/11/2025","22:21:28",1089179,18153,302.6,12.6,"../output/camera/everyones_Species/Capreolus capreolus","camera_15_49_2025__2025-11-17__22-21-28(1).JPG",3,2025-11-17
10,49,"Capreolus capreolus","23/11/2025 05:29","23/11/2025","05:29:11",457663,7627.7,127.1,5.3,"../output/camera/everyones_Species/Capreolus capreolus","Images__2025-11-23__05-29-11(1).JPG",3,2025-11-23
11,49,"Capreolus capreolus","24/11/2025 04:20","24/11/2025","04:20:23",82272,1371.2,22.9,1,"../output/camera/everyones_Species/Capreolus capreolus","Images__2025-11-24__04-20-23(1).JPG",3,2025-11-24
12,49,"Columba palumbus","13/11/2025 12:42","13/11/2025","12:42:58",0,0,0,0,"../output/camera/everyones_Species/Columba palumbus","camera_15_49_2025__2025-11-13__12-42-58(1).JPG",3,2025-11-13
13,49,"Homo sapien","08/10/2025 11:01","08/10/2025","11:01:47",0,0,0,0,"../output/camera/everyones_Species/Homo sapien","Images__2025-10-08__11-01-47(1).JPG",12,2025-10-08
14,49,"Homo sapien","24/11/2025 11:08","24/11/2025","11:08:41",4061214,67686.9,1128.1,47,"../output/camera/everyones_Species/Homo sapien","Images__2025-11-24__11-08-41(1).JPG",15,2025-11-24
15,49,"Muntiacus reevesi","23/10/2025 18:09","23/10/2025","18:09:10",0,0,0,0,"../output/camera/everyones_Species/Muntiacus reevesi","Images__2025-10-23__18-09-10(1).JPG",3,2025-10-23
16,49,"Muntiacus reevesi","30/10/2025 01:46","30/10/2025","01:46:10",545820,9097,151.6,6.3,"../output/camera/everyones_Species/Muntiacus reevesi","Images__2025-10-30__01-46-10(1).JPG",3,2025-10-30
17,49,"Muntiacus reevesi","31/10/2025 00:15","31/10/2025","00:15:41",80971,1349.5,22.5,0.9,"../output/camera/everyones_Species/Muntiacus reevesi","Images__2025-10-31__00-15-41(1).JPG",3,2025-10-31
18,49,"Muntiacus reevesi","04/11/2025 17:29","04/11/2025","17:29:55",407654,6794.2,113.2,4.7,"../output/camera/everyones_Species/Muntiacus reevesi","camera_15_49_2025__2025-11-04__17-29-55(1).JPG",3,2025-11-04
19,49,"Muntiacus reevesi","04/11/2025 22:57","04/11/2025","22:57:46",19671,327.9,5.5,0.2,"../output/camera/everyones_Species/Muntiacus reevesi","camera_15_49_2025__2025-11-04__22-57-46(1).JPG",3,2025-11-04
20,49,"Muntiacus reevesi","05/11/2025 00:26","05/11/2025","00:26:57",5351,89.2,1.5,0.1,"../output/camera/everyones_Species/Muntiacus reevesi","camera_15_49_2025__2025-11-05__00-26-57(1).JPG",3,2025-11-05
21,49,"Muntiacus reevesi","05/11/2025 02:25","05/11/2025","02:25:21",7104,118.4,2,0.1,"../output/camera/everyones_Species/Muntiacus reevesi","camera_15_49_2025__2025-11-05__02-25-21(1).JPG",3,2025-11-05
22,49,"Muntiacus reevesi","05/11/2025 03:21","05/11/2025","03:21:54",3393,56.5,0.9,0,"../output/camera/everyones_Species/Muntiacus reevesi","camera_15_49_2025__2025-11-05__03-21-54(1).JPG",3,2025-11-05
23,49,"Muntiacus reevesi","05/11/2025 23:08","05/11/2025","23:08:58",71224,1187.1,19.8,0.8,"../output/camera/everyones_Species/Muntiacus reevesi","camera_15_49_2025__2025-11-05__23-08-58(1).JPG",3,2025-11-05
24,49,"Muntiacus reevesi","10/11/2025 22:48","10/11/2025","22:48:04",430746,7179.1,119.7,5,"../output/camera/everyones_Species/Muntiacus reevesi","camera_15_49_2025__2025-11-10__22-48-04(1).JPG",6,2025-11-10
25,49,"Muntiacus reevesi","12/11/2025 04:32","12/11/2025","04:32:41",107077,1784.6,29.7,1.2,"../output/camera/everyones_Species/Muntiacus reevesi","camera_15_49_2025__2025-11-12__04-32-41(1).JPG",3,2025-11-12
26,49,"Muntiacus reevesi","15/11/2025 00:59","15/11/2025","00:59:00",246379,4106.3,68.4,2.9,"../output/camera/everyones_Species/Muntiacus reevesi","camera_15_49_2025__2025-11-15__00-59-00(1).JPG",3,2025-11-15
27,49,"Muntiacus reevesi","15/11/2025 03:20","15/11/2025","03:20:32",8492,141.5,2.4,0.1,"../output/camera/everyones_Species/Muntiacus reevesi","camera_15_49_2025__2025-11-15__03-20-32(1).JPG",6,2025-11-15
28,49,"Muntiacus reevesi","18/11/2025 07:27","18/11/2025","07:27:54",274042,4567.4,76.1,3.2,"../output/camera/everyones_Species/Muntiacus reevesi","camera_15_49_2025__2025-11-18__07-27-54(1).JPG",3,2025-11-18
29,49,"Muntiacus reevesi","19/11/2025 02:15","19/11/2025","02:15:41",67667,1127.8,18.8,0.8,"../output/camera/everyones_Species/Muntiacus reevesi","camera_15_49_2025__2025-11-19__02-15-41(1).JPG",3,2025-11-19
30,49,"Muntiacus reevesi","20/11/2025 21:37","20/11/2025","21:37:52",156131,2602.2,43.4,1.8,"../output/camera/everyones_Species/Muntiacus reevesi","camera_15_49_2025__2025-11-20__21-37-52(1).JPG",6,2025-11-20
31,49,"Muntiacus reevesi","21/11/2025 23:57","21/11/2025","23:57:03",94751,1579.2,26.3,1.1,"../output/camera/everyones_Species/Muntiacus reevesi","camera_15_49_2025__2025-11-21__23-57-03(1).JPG",3,2025-11-21
32,49,"Muntiacus reevesi","23/11/2025 05:29","23/11/2025","05:29:11",106328,1772.1,29.5,1.2,"../output/camera/everyones_Species/Muntiacus reevesi","camera_15_49_2025__2025-11-23__05-29-11(1).JPG",3,2025-11-23
33,49,"Muntiacus reevesi","24/11/2025 04:20","24/11/2025","04:20:23",82272,1371.2,22.9,1,"../output/camera/everyones_Species/Muntiacus reevesi","camera_15_49_2025__2025-11-24__04-20-23(1).JPG",3,2025-11-24
34,49,"Sciurus carolinensis","10/10/2025 13:03","10/10/2025","13:03:46",0,0,0,0,"../output/camera/everyones_Species/Sciurus carolinensis","camera_15_49_2025__2025-10-10__13-03-46(1).JPG",3,2025-10-10
35,49,"Sciurus carolinensis","11/10/2025 09:32","11/10/2025","09:32:53",73747,1229.1,20.5,0.9,"../output/camera/everyones_Species/Sciurus carolinensis","camera_15_49_2025__2025-10-11__09-32-53(1).JPG",3,2025-10-11
36,49,"Sciurus carolinensis","12/10/2025 09:07","12/10/2025","09:07:30",84877,1414.6,23.6,1,"../output/camera/everyones_Species/Sciurus carolinensis","camera_15_49_2025__2025-10-12__09-07-30(1).JPG",3,2025-10-12
37,49,"Sciurus carolinensis","12/10/2025 17:09","12/10/2025","17:09:21",28911,481.9,8,0.3,"../output/camera/everyones_Species/Sciurus carolinensis","camera_15_49_2025__2025-10-12__17-09-21(1).JPG",3,2025-10-12
38,49,"Sciurus carolinensis","13/10/2025 09:06","13/10/2025","09:06:49",57448,957.5,16,0.7,"../output/camera/everyones_Species/Sciurus carolinensis","camera_15_49_2025__2025-10-13__09-06-49(1).JPG",3,2025-10-13
39,49,"Sciurus carolinensis","13/10/2025 16:23","13/10/2025","16:23:07",26178,436.3,7.3,0.3,"../output/camera/everyones_Species/Sciurus carolinensis","camera_15_49_2025__2025-10-13__16-23-07(2).JPG",2,2025-10-13
40,49,"Sciurus carolinensis","23/10/2025 18:09","23/10/2025","18:09:10",870363,14506,241.8,10.1,"../output/camera/everyones_Species/Sciurus carolinensis","Images__2025-10-23__18-09-10(1).JPG",3,2025-10-23
41,49,"Sciurus carolinensis","30/10/2025 01:46","30/10/2025","01:46:10",545820,9097,151.6,6.3,"../output/camera/everyones_Species/Sciurus carolinensis","Images__2025-10-30__01-46-10(1).JPG",3,2025-10-30
42,49,"Sciurus carolinensis","31/10/2025 00:15","31/10/2025","00:15:41",80971,1349.5,22.5,0.9,"../output/camera/everyones_Species/Sciurus carolinensis","Images__2025-10-31__00-15-41(1).JPG",3,2025-10-31
43,49,"Sciurus carolinensis","02/11/2025 11:00","02/11/2025","11:00:34",211493,3524.9,58.7,2.4,"../output/camera/everyones_Species/Sciurus carolinensis","camera_15_49_2025__2025-11-02__11-00-34(1).JPG",3,2025-11-02
44,49,"Sciurus carolinensis","06/11/2025 16:46","06/11/2025","16:46:20",366346,6105.8,101.8,4.2,"../output/camera/everyones_Species/Sciurus carolinensis","camera_15_49_2025__2025-11-06__16-46-20(1).JPG",6,2025-11-06
45,49,"Sciurus carolinensis","07/11/2025 10:02","07/11/2025","10:02:21",62161,1036,17.3,0.7,"../output/camera/everyones_Species/Sciurus carolinensis","camera_15_49_2025__2025-11-07__10-02-21(1).JPG",9,2025-11-07
46,49,"Sciurus carolinensis","09/11/2025 09:30","09/11/2025","09:30:27",170886,2848.1,47.5,2,"../output/camera/everyones_Species/Sciurus carolinensis","camera_15_49_2025__2025-11-09__09-30-27(1).JPG",3,2025-11-09
47,49,"Sciurus carolinensis","13/11/2025 09:43","13/11/2025","09:43:17",346370,5772.8,96.2,4,"../output/camera/everyones_Species/Sciurus carolinensis","camera_15_49_2025__2025-11-13__09-43-17(1).JPG",6,2025-11-13
48,49,"Sciurus carolinensis","13/11/2025 13:13","13/11/2025","13:13:42",12625,210.4,3.5,0.1,"../output/camera/everyones_Species/Sciurus carolinensis","camera_15_49_2025__2025-11-13__13-13-42(1).JPG",3,2025-11-13
49,49,"Sciurus carolinensis","15/11/2025 11:13","15/11/2025","11:13:04",165562,2759.4,46,1.9,"../output/camera/everyones_Species/Sciurus carolinensis","camera_15_49_2025__2025-11-15__11-13-04(1).JPG",3,2025-11-15
50,49,"Sciurus carolinensis","15/11/2025 13:12","15/11/2025","13:12:00",7136,118.9,2,0.1,"../output/camera/everyones_Species/Sciurus carolinensis","camera_15_49_2025__2025-11-15__13-12-00(1).JPG",3,2025-11-15
51,49,"Sciurus carolinensis","21/11/2025 23:57","21/11/2025","23:57:03",557103,9285,154.8,6.4,"../output/camera/everyones_Species/Sciurus carolinensis","Images__2025-11-21__23-57-03(1).JPG",3,2025-11-21
52,49,"Sciurus carolinensis","23/11/2025 10:28","23/11/2025","10:28:10",124267,2071.1,34.5,1.4,"../output/camera/everyones_Species/Sciurus carolinensis","camera_15_49_2025__2025-11-23__10-28-10(1).JPG",3,2025-11-23
53,49,"Sciurus carolinensis","24/11/2025 08:28","24/11/2025","08:28:03",79193,1319.9,22,0.9,"../output/camera/everyones_Species/Sciurus carolinensis","camera_15_49_2025__2025-11-24__08-28-03(1).JPG",9,2025-11-24
54,49,"Vulpes vulpes","09/10/2025 08:01","09/10/2025","08:01:28",0,0,0,0,"../output/camera/everyones_Species/Vulpes vulpes","camera_15_49_2025__2025-10-09__08-01-28(1).JPG",3,2025-10-09
NA,63,"Coloeus_monedula","11/10/2025 16:22","11/10/2025","16:22:00",0,0,0,0,"/Users/chuziyue/Documents/LIFE70072_11.24/63/Coloeus_monedula","63__2025-10-11__16-22-00(1).JPG",4,2025-10-11
NA,63,"Columba_palumbus","12/10/2025 00:46","12/10/2025","0:46:01",0,0,0,0,"/Users/chuziyue/Documents/LIFE70072_11.24/63/Columba_palumbus","63__2025-10-12__00-46-01(2).JPG",8,2025-10-12
NA,63,"Strix_aluco","12/10/2025 15:27","12/10/2025","15:27:00",0,0,0,0,"/Users/chuziyue/Documents/LIFE70072_11.24/63/Strix_aluco","63__2025-10-12__15-27-00(2).JPG",6,2025-10-12
NA,63,"Turdus_philomelos","11/10/2025 00:41","11/10/2025","0:41:01",0,0,0,0,"/Users/chuziyue/Documents/LIFE70072_11.24/63/Turdus_philomelos","63__2025-10-11__00-41-01(1).JPG",1,2025-10-11
1,30,"Capreolus capreolus","2025/10/25 20:15","2025/10/25","20:15:58",0,0,0,0,"fixed/siteA/Capreolus capreolus","30__2025-10-25__20-15-58 (2).jpg",3,2025-10-25
2,30,"Capreolus capreolus","2025/11/12 1:57","2025/11/12","1:57:02",1489264,24821.1,413.7,17.2,"fixed/siteA/Capreolus capreolus","30__2025-11-12__01-57-02 (3).jpg",3,2025-11-12
3,30,"Capreolus capreolus","2025/11/21 4:21","2025/11/21","4:21:14",786252,13104.2,218.4,9.1,"fixed/siteA/Capreolus capreolus","30__2025-11-21__04-21-14 (2).jpg",3,2025-11-21
4,30,"Muntiacus reevesi","2025/10/10 9:25","2025/10/10","9:25:10",0,0,0,0,"fixed/siteA/Muntiacus reevesi","30__2025-10-10__09-25-10.jpg",3,2025-10-10
5,30,"Muntiacus reevesi","2025/10/23 9:20","2025/10/23","9:20:08",1122898,18715,311.9,13,"fixed/siteA/Muntiacus reevesi","30__2025-10-23__09-20-08 (2).jpg",3,2025-10-23
6,30,"Muntiacus reevesi","2025/10/25 21:20","2025/10/25","21:20:08",216000,3600,60,2.5,"fixed/siteA/Muntiacus reevesi","30__2025-10-25__21-20-08.jpg",3,2025-10-25
7,30,"Muntiacus reevesi","2025/11/1 17:10","2025/11/1","17:10:38",589830,9830.5,163.8,6.8,"fixed/siteA/Muntiacus reevesi","30__2025-11-01__17-10-38 (2).jpg",3,2025-11-01
8,30,"Muntiacus reevesi","2025/11/4 17:52","2025/11/4","17:52:50",261732,4362.2,72.7,3,"fixed/siteA/Muntiacus reevesi","30__2025-11-04__17-52-50 (2).jpg",3,2025-11-04
9,30,"Muntiacus reevesi","2025/11/17 10:42","2025/11/17","10:42:34",1097384,18289.7,304.8,12.7,"fixed/siteA/Muntiacus reevesi","30__2025-11-17__10-42-34.jpg",3,2025-11-17
10,30,"Muntiacus reevesi","2025/11/19 16:20","2025/11/19","16:20:44",193090,3218.2,53.6,2.2,"fixed/siteA/Muntiacus reevesi","30__2025-11-19__16-20-44.jpg",6,2025-11-19
11,30,"Phasianus colchicus","2025/11/1 8:01","2025/11/1","8:01:06",0,0,0,0,"fixed/siteA/Phasianus colchicus","30__2025-11-01__08-01-06 (2).jpg",3,2025-11-01
12,30,"Phasianus colchicus","2025/11/11 12:46","2025/11/11","12:46:18",881112,14685.2,244.8,10.2,"fixed/siteA/Phasianus colchicus","30__2025-11-11__12-46-18.jpg",3,2025-11-11
13,30,"Phasianus colchicus","2025/11/15 11:35","2025/11/15","11:35:04",341326,5688.8,94.8,3.9,"fixed/siteA/Phasianus colchicus","30__2025-11-15__11-35-04 (3).jpg",6,2025-11-15
14,30,"Phasianus colchicus","2025/11/15 12:10","2025/11/15","12:10:30",2126,35.4,0.6,0,"fixed/siteA/Phasianus colchicus","30__2025-11-15__12-10-30 (3).jpg",3,2025-11-15
1,26,"Capreolus_capreolus","2025-10-23 08:03:03","2025-10-23","08:03:03",0,0,0,0,"../Ecology and Evolution Data Science/DL-26/FINAL/Capreolus_capreolus","DL-26__2025-10-23__08-03-03(3).jpg",1,2025-10-23
2,26,"Capreolus_capreolus","2025-10-24 19:13:38","2025-10-24","19:13:38",126635,2110.6,35.2,1.5,"../Ecology and Evolution Data Science/DL-26/FINAL/Capreolus_capreolus","DL-26__2025-10-24__19-13-38(3).jpg",1,2025-10-24
3,26,"Capreolus_capreolus","2025-11-09 01:43:42","2025-11-09","01:43:42",1319404,21990.1,366.5,15.3,"../Ecology and Evolution Data Science/DL-26/FINAL/Capreolus_capreolus","DL-26__2025-11-09__01-43-42(2).jpg",1,2025-11-09
4,26,"Capreolus_capreolus","2025-11-13 22:48:26","2025-11-13","22:48:26",421484,7024.7,117.1,4.9,"../Ecology and Evolution Data Science/DL-26/FINAL/Capreolus_capreolus","DL-26__2025-11-13__22-48-26 (3).jpg",1,2025-11-13
5,26,"Capreolus_capreolus","2025-11-22 11:00:04","2025-11-22","11:00:04",735098,12251.6,204.2,8.5,"../Ecology and Evolution Data Science/DL-26/FINAL/Capreolus_capreolus","DL-26__2025-11-22__11-00-04(3).jpg",1,2025-11-22
6,26,"Columba_palumbus","2025-10-12 08:24:38","2025-10-12","08:24:38",0,0,0,0,"../Ecology and Evolution Data Science/DL-26/FINAL/Columba_palumbus","DL-26__2025-10-12__08-24-38(1).jpg",1,2025-10-12
7,26,"Columba_palumbus","2025-10-30 07:47:05","2025-10-30","07:47:05",1552947,25882.4,431.4,18,"../Ecology and Evolution Data Science/DL-26/FINAL/Columba_palumbus","DL-26__2025-10-30__07-47-05(3).jpg",1,2025-10-30
8,26,"Meles_meles","2025-11-12 20:40:47","2025-11-12","20:40:47",0,0,0,0,"../Ecology and Evolution Data Science/DL-26/FINAL/Meles_meles","DL-26__2025-11-12__20-40-47(1).jpg",1,2025-11-12
9,26,"Muntiacus_reevesi","2025-10-08 17:39:37","2025-10-08","17:39:37",0,0,0,0,"../Ecology and Evolution Data Science/DL-26/FINAL/Muntiacus_reevesi","DL-26__2025-10-08__17-39-37(1).jpg",1,2025-10-08
10,26,"Muntiacus_reevesi","2025-10-09 07:50:57","2025-10-09","07:50:57",51080,851.3,14.2,0.6,"../Ecology and Evolution Data Science/DL-26/FINAL/Muntiacus_reevesi","DL-26__2025-10-09__07-50-57(1).jpg",1,2025-10-09
11,26,"Muntiacus_reevesi","2025-10-10 00:04:15","2025-10-10","00:04:15",58398,973.3,16.2,0.7,"../Ecology and Evolution Data Science/DL-26/FINAL/Muntiacus_reevesi","DL-26__2025-10-10__00-04-15(2).jpg",1,2025-10-10
12,26,"Muntiacus_reevesi","2025-10-16 09:34:09","2025-10-16","09:34:09",552594,9209.9,153.5,6.4,"../Ecology and Evolution Data Science/DL-26/FINAL/Muntiacus_reevesi","DL-26__2025-10-16__09-34-09(1).jpg",1,2025-10-16
13,26,"Muntiacus_reevesi","2025-10-17 08:18:56","2025-10-17","08:18:56",81887,1364.8,22.7,0.9,"../Ecology and Evolution Data Science/DL-26/FINAL/Muntiacus_reevesi","DL-26__2025-10-17__08-18-56(1).jpg",1,2025-10-17
14,26,"Muntiacus_reevesi","2025-10-18 20:32:27","2025-10-18","20:32:27",130411,2173.5,36.2,1.5,"../Ecology and Evolution Data Science/DL-26/FINAL/Muntiacus_reevesi","DL-26__2025-10-18__20-32-27(1).jpg",1,2025-10-18
15,26,"Muntiacus_reevesi","2025-10-21 09:54:33","2025-10-21","09:54:33",220926,3682.1,61.4,2.6,"../Ecology and Evolution Data Science/DL-26/FINAL/Muntiacus_reevesi","DL-26__2025-10-21__09-54-33(1).jpg",1,2025-10-21
16,26,"Muntiacus_reevesi","2025-10-22 18:26:02","2025-10-22","18:26:02",117089,1951.5,32.5,1.4,"../Ecology and Evolution Data Science/DL-26/FINAL/Muntiacus_reevesi","DL-26__2025-10-22__18-26-02(1).jpg",1,2025-10-22
17,26,"Muntiacus_reevesi","2025-10-23 07:58:20","2025-10-23","07:58:20",48738,812.3,13.5,0.6,"../Ecology and Evolution Data Science/DL-26/FINAL/Muntiacus_reevesi","DL-26__2025-10-23__07-58-20(3).jpg",1,2025-10-23
18,26,"Muntiacus_reevesi","2025-10-25 23:17:00","2025-10-25","23:17:00",227920,3798.7,63.3,2.6,"../Ecology and Evolution Data Science/DL-26/FINAL/Muntiacus_reevesi","DL-26__2025-10-25__23-17-00(1).jpg",1,2025-10-25
19,26,"Muntiacus_reevesi","2025-10-29 19:50:19","2025-10-29","19:50:19",333199,5553.3,92.6,3.9,"../Ecology and Evolution Data Science/DL-26/FINAL/Muntiacus_reevesi","DL-26__2025-10-29__19-50-19(3).jpg",2,2025-10-29
20,26,"Muntiacus_reevesi","2025-10-29 21:29:19","2025-10-29","21:29:19",5940,99,1.6,0.1,"../Ecology and Evolution Data Science/DL-26/FINAL/Muntiacus_reevesi","DL-26__2025-10-29__21-29-19(2).jpg",1,2025-10-29
21,26,"Muntiacus_reevesi","2025-11-01 20:16:51","2025-11-01","20:16:51",254852,4247.5,70.8,2.9,"../Ecology and Evolution Data Science/DL-26/FINAL/Muntiacus_reevesi","DL-26__2025-11-01__20-16-51(3).jpg",1,2025-11-01
22,26,"Muntiacus_reevesi","2025-11-02 04:15:48","2025-11-02","04:15:48",28737,479,8,0.3,"../Ecology and Evolution Data Science/DL-26/FINAL/Muntiacus_reevesi","DL-26__2025-11-02__04-15-48(1).jpg",1,2025-11-02
23,26,"Muntiacus_reevesi","2025-11-02 06:26:39","2025-11-02","06:26:39",7851,130.8,2.2,0.1,"../Ecology and Evolution Data Science/DL-26/FINAL/Muntiacus_reevesi","DL-26__2025-11-02__06-26-39(3).jpg",1,2025-11-02
24,26,"Muntiacus_reevesi","2025-11-05 06:30:57","2025-11-05","06:30:57",259458,4324.3,72.1,3,"../Ecology and Evolution Data Science/DL-26/FINAL/Muntiacus_reevesi","DL-26__2025-11-05__06-30-57(1).jpg",2,2025-11-05
25,26,"Muntiacus_reevesi","2025-11-05 07:12:19","2025-11-05","07:12:19",2482,41.4,0.7,0,"../Ecology and Evolution Data Science/DL-26/FINAL/Muntiacus_reevesi","DL-26__2025-11-05__07-12-19(1).jpg",1,2025-11-05
26,26,"Muntiacus_reevesi","2025-11-06 23:22:14","2025-11-06","23:22:14",144595,2409.9,40.2,1.7,"../Ecology and Evolution Data Science/DL-26/FINAL/Muntiacus_reevesi","DL-26__2025-11-06__23-22-14(3).jpg",1,2025-11-06
27,26,"Muntiacus_reevesi","2025-11-08 06:37:06","2025-11-08","06:37:06",112492,1874.9,31.2,1.3,"../Ecology and Evolution Data Science/DL-26/FINAL/Muntiacus_reevesi","DL-26__2025-11-08__06-37-06(3).jpg",1,2025-11-08
28,26,"Muntiacus_reevesi","2025-11-09 09:18:31","2025-11-09","09:18:31",96085,1601.4,26.7,1.1,"../Ecology and Evolution Data Science/DL-26/FINAL/Muntiacus_reevesi","DL-26__2025-11-09__09-18-31(1).jpg",1,2025-11-09
29,26,"Muntiacus_reevesi","2025-11-10 16:55:13","2025-11-10","16:55:13",113802,1896.7,31.6,1.3,"../Ecology and Evolution Data Science/DL-26/FINAL/Muntiacus_reevesi","DL-26__2025-11-10__16-55-13(1).jpg",1,2025-11-10
30,26,"Muntiacus_reevesi","2025-11-12 09:05:07","2025-11-12","09:05:07",144594,2409.9,40.2,1.7,"../Ecology and Evolution Data Science/DL-26/FINAL/Muntiacus_reevesi","DL-26__2025-11-12__09-05-07(3).jpg",1,2025-11-12
31,26,"Muntiacus_reevesi","2025-11-13 00:07:33","2025-11-13","00:07:33",54146,902.4,15,0.6,"../Ecology and Evolution Data Science/DL-26/FINAL/Muntiacus_reevesi","DL-26__2025-11-13__00-07-33(3).jpg",1,2025-11-13
32,26,"Muntiacus_reevesi","2025-11-14 09:44:39","2025-11-14","09:44:39",121026,2017.1,33.6,1.4,"../Ecology and Evolution Data Science/DL-26/FINAL/Muntiacus_reevesi","DL-26__2025-11-14__09-44-39(3).jpg",1,2025-11-14
33,26,"Muntiacus_reevesi","2025-11-16 06:37:34","2025-11-16","06:37:34",161575,2692.9,44.9,1.9,"../Ecology and Evolution Data Science/DL-26/FINAL/Muntiacus_reevesi","DL-26__2025-11-16__06-37-34(2).jpg",1,2025-11-16
34,26,"Muntiacus_reevesi","2025-11-17 07:21:27","2025-11-17","07:21:27",89033,1483.9,24.7,1,"../Ecology and Evolution Data Science/DL-26/FINAL/Muntiacus_reevesi","DL-26__2025-11-17__07-21-27(3).jpg",1,2025-11-17
35,26,"Muntiacus_reevesi","2025-11-17 17:34:47","2025-11-17","17:34:47",36800,613.3,10.2,0.4,"../Ecology and Evolution Data Science/DL-26/FINAL/Muntiacus_reevesi","DL-26__2025-11-17__17-34-47(3).jpg",1,2025-11-17
36,26,"Muntiacus_reevesi","2025-11-18 01:57:50","2025-11-18","01:57:50",30183,503,8.4,0.4,"../Ecology and Evolution Data Science/DL-26/FINAL/Muntiacus_reevesi","DL-26__2025-11-18__01-57-50(3).jpg",1,2025-11-18
37,26,"Muntiacus_reevesi","2025-11-19 18:07:39","2025-11-19","18:07:39",144589,2409.8,40.2,1.7,"../Ecology and Evolution Data Science/DL-26/FINAL/Muntiacus_reevesi","DL-26__2025-11-19__18-07-39(2).jpg",2,2025-11-19
38,26,"Muntiacus_reevesi","2025-11-19 22:14:08","2025-11-19","22:14:08",14789,246.5,4.1,0.2,"../Ecology and Evolution Data Science/DL-26/FINAL/Muntiacus_reevesi","DL-26__2025-11-19__22-14-08(1).jpg",2,2025-11-19
39,26,"Muntiacus_reevesi","2025-11-21 14:01:30","2025-11-21","14:01:30",143242,2387.4,39.8,1.7,"../Ecology and Evolution Data Science/DL-26/FINAL/Muntiacus_reevesi","DL-26__2025-11-21__14-01-30(3).jpg",1,2025-11-21
40,26,"Muntiacus_reevesi","2025-11-21 19:45:34","2025-11-21","19:45:34",20644,344.1,5.7,0.2,"../Ecology and Evolution Data Science/DL-26/FINAL/Muntiacus_reevesi","DL-26__2025-11-21__19-45-34(2).jpg",2,2025-11-21
41,26,"Muntiacus_reevesi","2025-11-22 17:19:59","2025-11-22","17:19:59",77665,1294.4,21.6,0.9,"../Ecology and Evolution Data Science/DL-26/FINAL/Muntiacus_reevesi","DL-26__2025-11-22__17-19-59(3).jpg",1,2025-11-22
42,26,"Muntiacus_reevesi","2025-11-23 03:15:45","2025-11-23","03:15:45",35746,595.8,9.9,0.4,"../Ecology and Evolution Data Science/DL-26/FINAL/Muntiacus_reevesi","DL-26__2025-11-23__03-15-45(3).jpg",3,2025-11-23
43,26,"Muntiacus_reevesi","2025-11-24 10:58:25","2025-11-24","10:58:25",114160,1902.7,31.7,1.3,"../Ecology and Evolution Data Science/DL-26/FINAL/Muntiacus_reevesi","DL-26__2025-11-24__10-58-25(1).jpg",2,2025-11-24
44,26,"Phasianus_colchicus","2025-11-02 17:34:49","2025-11-02","17:34:49",0,0,0,0,"../Ecology and Evolution Data Science/DL-26/FINAL/Phasianus_colchicus","DL-26__2025-11-02__17-34-49(2).jpg",1,2025-11-02
45,26,"Phasianus_colchicus","2025-11-14 08:24:34","2025-11-14","08:24:34",1003785,16729.8,278.8,11.6,"../Ecology and Evolution Data Science/DL-26/FINAL/Phasianus_colchicus","DL-26__2025-11-14__08-24-34(2).jpg",3,2025-11-14
46,26,"Phasianus_colchicus","2025-11-17 17:28:23","2025-11-17","17:28:23",291829,4863.8,81.1,3.4,"../Ecology and Evolution Data Science/DL-26/FINAL/Phasianus_colchicus","DL-26__2025-11-17__17-28-23(2).jpg",1,2025-11-17
47,26,"Sciurus_carolinensis","2025-10-09 08:37:23","2025-10-09","08:37:23",0,0,0,0,"../Ecology and Evolution Data Science/DL-26/FINAL/Sciurus_carolinensis","DL-26__2025-10-09__08-37-23(2).jpg",2,2025-10-09
48,26,"Sciurus_carolinensis","2025-10-10 09:18:25","2025-10-10","09:18:25",88862,1481,24.7,1,"../Ecology and Evolution Data Science/DL-26/FINAL/Sciurus_carolinensis","DL-26__2025-10-10__09-18-25(2).jpg",1,2025-10-10
49,26,"Sciurus_carolinensis","2025-10-14 07:38:05","2025-10-14","07:38:05",339580,5659.7,94.3,3.9,"../Ecology and Evolution Data Science/DL-26/FINAL/Sciurus_carolinensis","DL-26__2025-10-14__07-38-05(1).jpg",1,2025-10-14
50,26,"Sciurus_carolinensis","2025-10-15 15:04:16","2025-10-15","15:04:16",113171,1886.2,31.4,1.3,"../Ecology and Evolution Data Science/DL-26/FINAL/Sciurus_carolinensis","DL-26__2025-10-15__15-04-16(1).jpg",1,2025-10-15
51,26,"Sciurus_carolinensis","2025-10-17 07:35:07","2025-10-17","07:35:07",145851,2430.8,40.5,1.7,"../Ecology and Evolution Data Science/DL-26/FINAL/Sciurus_carolinensis","DL-26__2025-10-17__07-35-07(2).jpg",2,2025-10-17
52,26,"Sciurus_carolinensis","2025-10-19 07:41:12","2025-10-19","07:41:12",173165,2886.1,48.1,2,"../Ecology and Evolution Data Science/DL-26/FINAL/Sciurus_carolinensis","DL-26__2025-10-19__07-41-12(3).jpg",1,2025-10-19
53,26,"Sciurus_carolinensis","2025-10-22 07:38:48","2025-10-22","07:38:48",259056,4317.6,72,3,"../Ecology and Evolution Data Science/DL-26/FINAL/Sciurus_carolinensis","DL-26__2025-10-22__07-38-48(3).JPG",1,2025-10-22
54,26,"Sciurus_carolinensis","2025-10-22 09:10:15","2025-10-22","09:10:15",5487,91.4,1.5,0.1,"../Ecology and Evolution Data Science/DL-26/FINAL/Sciurus_carolinensis","DL-26__2025-10-22__09-10-15(2).JPG",1,2025-10-22
55,26,"Sciurus_carolinensis","2025-10-27 17:58:23","2025-10-27","17:58:23",463688,7728.1,128.8,5.4,"../Ecology and Evolution Data Science/DL-26/FINAL/Sciurus_carolinensis","DL-26__2025-10-27__17-58-23(2).JPG",1,2025-10-27
56,26,"Sciurus_carolinensis","2025-10-29 08:02:38","2025-10-29","08:02:38",137055,2284.2,38.1,1.6,"../Ecology and Evolution Data Science/DL-26/FINAL/Sciurus_carolinensis","DL-26__2025-10-29__08-02-38(1).JPG",1,2025-10-29
57,26,"Sciurus_carolinensis","2025-11-06 17:25:44","2025-11-06","17:25:44",724986,12083.1,201.4,8.4,"../Ecology and Evolution Data Science/DL-26/FINAL/Sciurus_carolinensis","DL-26__2025-11-06__17-25-44(2).jpg",1,2025-11-06
58,26,"Sciurus_carolinensis","2025-11-09 10:45:47","2025-11-09","10:45:47",235203,3920.1,65.3,2.7,"../Ecology and Evolution Data Science/DL-26/FINAL/Sciurus_carolinensis","DL-26__2025-11-09__10-45-47(2).jpg",1,2025-11-09
59,26,"Sciurus_carolinensis","2025-11-11 08:32:54","2025-11-11","08:32:54",164827,2747.1,45.8,1.9,"../Ecology and Evolution Data Science/DL-26/FINAL/Sciurus_carolinensis","DL-26__2025-11-11__08-32-54(2).jpg",1,2025-11-11
60,26,"Sciurus_carolinensis","2025-11-12 14:31:39","2025-11-12","14:31:39",107925,1798.8,30,1.2,"../Ecology and Evolution Data Science/DL-26/FINAL/Sciurus_carolinensis","DL-26__2025-11-12__14-31-39(1).jpg",2,2025-11-12
61,26,"Sciurus_carolinensis","2025-11-12 17:03:39","2025-11-12","17:03:39",9120,152,2.5,0.1,"../Ecology and Evolution Data Science/DL-26/FINAL/Sciurus_carolinensis","DL-26__2025-11-12__17-03-39(3).jpg",1,2025-11-12
62,26,"Sciurus_carolinensis","2025-11-16 08:39:58","2025-11-16","08:39:58",315379,5256.3,87.6,3.6,"../Ecology and Evolution Data Science/DL-26/FINAL/Sciurus_carolinensis","DL-26__2025-11-16__08-39-58(1).jpg",3,2025-11-16
63,26,"Sciurus_carolinensis","2025-11-21 10:13:22","2025-11-21","10:13:22",437604,7293.4,121.6,5.1,"../Ecology and Evolution Data Science/DL-26/FINAL/Sciurus_carolinensis","DL-26__2025-11-21__10-13-22(1).jpg",1,2025-11-21
64,26,"Vulpes_vulpes","2025-11-12 03:09:36","2025-11-12","03:09:36",0,0,0,0,"../Ecology and Evolution Data Science/DL-26/FINAL/Vulpes_vulpes","DL-26__2025-11-12__03-09-36(1).jpg",1,2025-11-12
65,26,"Vulpes_vulpes","2025-11-19 03:05:32","2025-11-19","03:05:32",604556,10075.9,167.9,7,"../Ecology and Evolution Data Science/DL-26/FINAL/Vulpes_vulpes","DL-26__2025-11-19__03-05-32(1).jpg",1,2025-11-19
NA,80,"Canis_Familiaris","2025-11-02T15:55:41Z","02/11/2025","15:55:41",0,0,0,0,"/Users/vect0r/OneDrive - Imperial College London/LIFE70072 - Ecological and Evolutionary Data Science/camera_renamed/Cameratrap_DL05/Canis_Familiaris","Cameratrap_DL05__2025-11-02__15-55-41(2).JPG",2,2025-11-02
NA,80,"Capreolus_capreolus","2025-10-08T21:31:42Z","08/10/2025","21:31:42",0,0,0,0,"/Users/vect0r/OneDrive - Imperial College London/LIFE70072 - Ecological and Evolutionary Data Science/camera_renamed/Cameratrap_DL05/Capreolus_capreolus","Cameratrap_DL05__2025-10-08__21-31-42(1).JPG",3,2025-10-08
NA,80,"Capreolus_capreolus","2025-10-09T04:25:16Z","09/10/2025","04:25:16",24814,413.6,6.9,0.3,"/Users/vect0r/OneDrive - Imperial College London/LIFE70072 - Ecological and Evolutionary Data Science/camera_renamed/Cameratrap_DL05/Capreolus_capreolus","Cameratrap_DL05__2025-10-09__04-25-16(1).JPG",2,2025-10-09
NA,80,"Capreolus_capreolus","2025-10-10T04:05:35Z","10/10/2025","04:05:35",85219,1420.3,23.7,1,"/Users/vect0r/OneDrive - Imperial College London/LIFE70072 - Ecological and Evolutionary Data Science/camera_renamed/Cameratrap_DL05/Capreolus_capreolus","Cameratrap_DL05__2025-10-10__04-05-35(1).JPG",2,2025-10-10
NA,80,"Capreolus_capreolus","2025-10-10T23:48:41Z","10/10/2025","23:48:41",70986,1183.1,19.7,0.8,"/Users/vect0r/OneDrive - Imperial College London/LIFE70072 - Ecological and Evolutionary Data Science/camera_renamed/Cameratrap_DL05/Capreolus_capreolus","Cameratrap_DL05__2025-10-10__23-48-41(1).JPG",5,2025-10-10
NA,80,"Capreolus_capreolus","2025-10-11T00:33:11Z","11/10/2025","00:33:11",2670,44.5,0.7,0,"/Users/vect0r/OneDrive - Imperial College London/LIFE70072 - Ecological and Evolutionary Data Science/camera_renamed/Cameratrap_DL05/Capreolus_capreolus","Cameratrap_DL05__2025-10-11__00-33-11(1).JPG",1,2025-10-11
NA,80,"Capreolus_capreolus","2025-10-12T19:50:56Z","12/10/2025","19:50:56",155865,2597.8,43.3,1.8,"/Users/vect0r/OneDrive - Imperial College London/LIFE70072 - Ecological and Evolutionary Data Science/camera_renamed/Cameratrap_DL05/Capreolus_capreolus","Cameratrap_DL05__2025-10-12__19-50-56(3).JPG",1,2025-10-12
NA,80,"Capreolus_capreolus","2025-10-13T19:42:37Z","13/10/2025","19:42:37",85901,1431.7,23.9,1,"/Users/vect0r/OneDrive - Imperial College London/LIFE70072 - Ecological and Evolutionary Data Science/camera_renamed/Cameratrap_DL05/Capreolus_capreolus","Cameratrap_DL05__2025-10-13__19-42-37(3).JPG",4,2025-10-13
NA,80,"Capreolus_capreolus","2025-10-24T09:08:14Z","24/10/2025","09:08:14",912337,15205.6,253.4,10.6,"/Users/vect0r/OneDrive - Imperial College London/LIFE70072 - Ecological and Evolutionary Data Science/camera_renamed/Cameratrap_DL05/Capreolus_capreolus","Cameratrap_DL05__2025-10-24__09-08-14(2).JPG",1,2025-10-24
NA,80,"Capreolus_capreolus","2025-10-26T08:26:09Z","26/10/2025","08:26:09",170275,2837.9,47.3,2,"/Users/vect0r/OneDrive - Imperial College London/LIFE70072 - Ecological and Evolutionary Data Science/camera_renamed/Cameratrap_DL05/Capreolus_capreolus","Cameratrap_DL05__2025-10-26__08-26-09(1).JPG",4,2025-10-26
NA,80,"Muntiacus_reevesi","2025-10-09T10:23:07Z","09/10/2025","10:23:07",0,0,0,0,"/Users/vect0r/OneDrive - Imperial College London/LIFE70072 - Ecological and Evolutionary Data Science/camera_renamed/Cameratrap_DL05/Muntiacus_reevesi","Cameratrap_DL05__2025-10-09__10-23-07(2).JPG",2,2025-10-09
NA,80,"Muntiacus_reevesi","2025-10-09T18:53:43Z","09/10/2025","18:53:43",30636,510.6,8.5,0.4,"/Users/vect0r/OneDrive - Imperial College London/LIFE70072 - Ecological and Evolutionary Data Science/camera_renamed/Cameratrap_DL05/Muntiacus_reevesi","Cameratrap_DL05__2025-10-09__18-53-43(3).JPG",3,2025-10-09
NA,80,"Muntiacus_reevesi","2025-10-10T04:17:11Z","10/10/2025","04:17:11",33808,563.5,9.4,0.4,"/Users/vect0r/OneDrive - Imperial College London/LIFE70072 - Ecological and Evolutionary Data Science/camera_renamed/Cameratrap_DL05/Muntiacus_reevesi","Cameratrap_DL05__2025-10-10__04-17-11(1).JPG",1,2025-10-10
NA,80,"Muntiacus_reevesi","2025-10-10T21:27:04Z","10/10/2025","21:27:04",61793,1029.9,17.2,0.7,"/Users/vect0r/OneDrive - Imperial College London/LIFE70072 - Ecological and Evolutionary Data Science/camera_renamed/Cameratrap_DL05/Muntiacus_reevesi","Cameratrap_DL05__2025-10-10__21-27-04(1).JPG",2,2025-10-10
NA,80,"Muntiacus_reevesi","2025-10-12T00:26:06Z","12/10/2025","00:26:06",97142,1619,27,1.1,"/Users/vect0r/OneDrive - Imperial College London/LIFE70072 - Ecological and Evolutionary Data Science/camera_renamed/Cameratrap_DL05/Muntiacus_reevesi","Cameratrap_DL05__2025-10-12__00-26-06(1).JPG",2,2025-10-12
NA,80,"Muntiacus_reevesi","2025-10-12T21:06:48Z","12/10/2025","21:06:48",74442,1240.7,20.7,0.9,"/Users/vect0r/OneDrive - Imperial College London/LIFE70072 - Ecological and Evolutionary Data Science/camera_renamed/Cameratrap_DL05/Muntiacus_reevesi","Cameratrap_DL05__2025-10-12__21-06-48(1).JPG",2,2025-10-12
NA,80,"Muntiacus_reevesi","2025-10-14T00:33:41Z","14/10/2025","00:33:41",98813,1646.9,27.4,1.1,"/Users/vect0r/OneDrive - Imperial College London/LIFE70072 - Ecological and Evolutionary Data Science/camera_renamed/Cameratrap_DL05/Muntiacus_reevesi","Cameratrap_DL05__2025-10-14__00-33-41(2).JPG",2,2025-10-14
NA,80,"Muntiacus_reevesi","2025-10-14T06:51:09Z","14/10/2025","06:51:09",22648,377.5,6.3,0.3,"/Users/vect0r/OneDrive - Imperial College London/LIFE70072 - Ecological and Evolutionary Data Science/camera_renamed/Cameratrap_DL05/Muntiacus_reevesi","Cameratrap_DL05__2025-10-14__06-51-09(1).JPG",2,2025-10-14
NA,80,"Muntiacus_reevesi","2025-10-15T07:55:04Z","15/10/2025","07:55:04",90235,1503.9,25.1,1,"/Users/vect0r/OneDrive - Imperial College London/LIFE70072 - Ecological and Evolutionary Data Science/camera_renamed/Cameratrap_DL05/Muntiacus_reevesi","Cameratrap_DL05__2025-10-15__07-55-04(1).JPG",1,2025-10-15
NA,80,"Muntiacus_reevesi","2025-10-16T08:02:45Z","16/10/2025","08:02:45",86861,1447.7,24.1,1,"/Users/vect0r/OneDrive - Imperial College London/LIFE70072 - Ecological and Evolutionary Data Science/camera_renamed/Cameratrap_DL05/Muntiacus_reevesi","Cameratrap_DL05__2025-10-16__08-02-45(1).JPG",2,2025-10-16
NA,80,"Muntiacus_reevesi","2025-10-18T09:23:05Z","18/10/2025","09:23:05",177620,2960.3,49.3,2.1,"/Users/vect0r/OneDrive - Imperial College London/LIFE70072 - Ecological and Evolutionary Data Science/camera_renamed/Cameratrap_DL05/Muntiacus_reevesi","Cameratrap_DL05__2025-10-18__09-23-05(2).JPG",2,2025-10-18
NA,80,"Muntiacus_reevesi","2025-10-23T17:14:25Z","23/10/2025","17:14:25",460280,7671.3,127.9,5.3,"/Users/vect0r/OneDrive - Imperial College London/LIFE70072 - Ecological and Evolutionary Data Science/camera_renamed/Cameratrap_DL05/Muntiacus_reevesi","Cameratrap_DL05__2025-10-23__17-14-25(1).JPG",2,2025-10-23
NA,80,"Muntiacus_reevesi","2025-10-26T10:09:33Z","26/10/2025","10:09:33",233708,3895.1,64.9,2.7,"/Users/vect0r/OneDrive - Imperial College London/LIFE70072 - Ecological and Evolutionary Data Science/camera_renamed/Cameratrap_DL05/Muntiacus_reevesi","Cameratrap_DL05__2025-10-26__10-09-33(1).JPG",2,2025-10-26
NA,80,"Muntiacus_reevesi","2025-10-27T17:44:11Z","27/10/2025","17:44:11",113678,1894.6,31.6,1.3,"/Users/vect0r/OneDrive - Imperial College London/LIFE70072 - Ecological and Evolutionary Data Science/camera_renamed/Cameratrap_DL05/Muntiacus_reevesi","Cameratrap_DL05__2025-10-27__17-44-11(1).JPG",2,2025-10-27
